序号,统计级别,数据起始时间,数据结束时间,国家,省份,城市,区县,新增确诊人数,新增疑似人数,新增治愈人数,新增死亡人数,累计确诊人数,累计疑似人数,累计治愈人数,累计死亡人数,核减人数,累计核减人数,数据源,数据发布时间,数据源文本,数据源链接,数据间接发布时间,数据间接发布来源,数据间接发布来源链接,数据收集时间,数据收集方式,数据收集人员/程序姓名,数据是否核查,数据首次核查时间,数据首次核查方式,数据首次核查人员/程序姓名,数据首次核查状态,更正人员,更正时间,数据再次核查时间,数据再次核查方式,数据再次核查人员/程序姓名,数据再次核查状态,备注
1,省级,2020/2/8 0:00,2020/2/8 12:00,中国,山东省,济南市,历下区,,,,,5,,,,,,http://wsjkw.shandong.gov.cn/wzxxgk/zwgg/202002/t20200208_2517243.html,2020/2/8 9:00,2020年2月8日0-12时，山东省报告新型冠状病毒感染的肺炎新增确诊病例9例，累计确诊病例416例(含重症病例25例，危重症病例7例，出院42例，无死亡病例);新增疑似病例17例，现有疑似病例102例。截至目前，追踪到密切接触者12319人，已解除医学观察7139人，诊断为疑似或确诊205例，尚有4975人正在接受医学观察。,http://wsjkw.shandong.gov.cn/wzxxgk/zwgg/202002/t20200208_2517244.html,,,,2020/2/8 11:00,手动,莫纯谊,是,2020/2/8 13:00,比对,莫纯谊,完成,,,,,,,
2,省级,2020/2/8 0:00,2020/2/8 12:00,中国,山东省,济南市,市中区,,,,,24,,,,,,http://wsjkw.shandong.gov.cn/wzxxgk/zwgg/202002/t20200208_2517244.html,2020/2/9 9:00,2020年2月8日0-12时，山东省报告新型冠状病毒感染的肺炎新增确诊病例9例，累计确诊病例416例(含重症病例25例，危重症病例7例，出院42例，无死亡病例);新增疑似病例17例，现有疑似病例102例。截至目前，追踪到密切接触者12319人，已解除医学观察7139人，诊断为疑似或确诊205例，尚有4976人正在接受医学观察。,http://wsjkw.shandong.gov.cn/wzxxgk/zwgg/202002/t20200208_2517245.html,,,,2020/2/9 11:00,手动,莫纯谊,是,2020/2/9 13:00,比对,莫纯谊,完成,,,,,,,
3,省级,2020/2/8 0:00,2020/2/8 12:00,中国,山东省,济南市,槐荫区,,,,,1,,,,,,http://wsjkw.shandong.gov.cn/wzxxgk/zwgg/202002/t20200208_2517245.html,2020/2/10 9:00,2020年2月8日0-12时，山东省报告新型冠状病毒感染的肺炎新增确诊病例9例，累计确诊病例416例(含重症病例25例，危重症病例7例，出院42例，无死亡病例);新增疑似病例17例，现有疑似病例102例。截至目前，追踪到密切接触者12319人，已解除医学观察7139人，诊断为疑似或确诊205例，尚有4977人正在接受医学观察。,http://wsjkw.shandong.gov.cn/wzxxgk/zwgg/202002/t20200208_2517246.html,,,,2020/2/10 11:00,手动,莫纯谊,是,2020/2/10 13:00,比对,莫纯谊,完成,,,,,,,
4,省级,2020/2/8 0:00,2020/2/8 12:00,中国,山东省,济南市,天桥区,,,,,3,,,,,,http://wsjkw.shandong.gov.cn/wzxxgk/zwgg/202002/t20200208_2517246.html,2020/2/11 9:00,2020年2月8日0-12时，山东省报告新型冠状病毒感染的肺炎新增确诊病例9例，累计确诊病例416例(含重症病例25例，危重症病例7例，出院42例，无死亡病例);新增疑似病例17例，现有疑似病例102例。截至目前，追踪到密切接触者12319人，已解除医学观察7139人，诊断为疑似或确诊205例，尚有4978人正在接受医学观察。,http://wsjkw.shandong.gov.cn/wzxxgk/zwgg/202002/t20200208_2517247.html,,,,2020/2/11 11:00,手动,莫纯谊,是,2020/2/11 13:00,比对,莫纯谊,完成,,,,,,,
5,省级,2020/2/8 0:00,2020/2/8 12:00,中国,山东省,济南市,历城区,,,,,4,,,,,,http://wsjkw.shandong.gov.cn/wzxxgk/zwgg/202002/t20200208_2517247.html,2020/2/12 9:00,2020年2月8日0-12时，山东省报告新型冠状病毒感染的肺炎新增确诊病例9例，累计确诊病例416例(含重症病例25例，危重症病例7例，出院42例，无死亡病例);新增疑似病例17例，现有疑似病例102例。截至目前，追踪到密切接触者12319人，已解除医学观察7139人，诊断为疑似或确诊205例，尚有4979人正在接受医学观察。,http://wsjkw.shandong.gov.cn/wzxxgk/zwgg/202002/t20200208_2517248.html,,,,2020/2/12 11:00,手动,莫纯谊,是,2020/2/12 13:00,比对,莫纯谊,完成,,,,,,,
6,省级,2020/2/8 0:00,2020/2/8 12:00,中国,山东省,济南市,长清区,,,,,4,,,,,,http://wsjkw.shandong.gov.cn/wzxxgk/zwgg/202002/t20200208_2517248.html,2020/2/13 9:00,2020年2月8日0-12时，山东省报告新型冠状病毒感染的肺炎新增确诊病例9例，累计确诊病例416例(含重症病例25例，危重症病例7例，出院42例，无死亡病例);新增疑似病例17例，现有疑似病例102例。截至目前，追踪到密切接触者12319人，已解除医学观察7139人，诊断为疑似或确诊205例，尚有4980人正在接受医学观察。,http://wsjkw.shandong.gov.cn/wzxxgk/zwgg/202002/t20200208_2517249.html,,,,2020/2/13 11:00,手动,莫纯谊,是,2020/2/13 13:00,比对,莫纯谊,完成,,,,,,,
7,省级,2020/2/8 0:00,2020/2/8 12:00,中国,山东省,济南市,章丘区,,,,,1,,,,,,http://wsjkw.shandong.gov.cn/wzxxgk/zwgg/202002/t20200208_2517249.html,2020/2/14 9:00,2020年2月8日0-12时，山东省报告新型冠状病毒感染的肺炎新增确诊病例9例，累计确诊病例416例(含重症病例25例，危重症病例7例，出院42例，无死亡病例);新增疑似病例17例，现有疑似病例102例。截至目前，追踪到密切接触者12319人，已解除医学观察7139人，诊断为疑似或确诊205例，尚有4981人正在接受医学观察。,http://wsjkw.shandong.gov.cn/wzxxgk/zwgg/202002/t20200208_2517250.html,,,,2020/2/14 11:00,手动,莫纯谊,是,2020/2/14 13:00,比对,莫纯谊,完成,,,,,,,
8,省级,2020/2/8 0:00,2020/2/8 12:00,中国,山东省,济南市,平阴县,,,,,,,,,,,http://wsjkw.shandong.gov.cn/wzxxgk/zwgg/202002/t20200208_2517250.html,2020/2/15 9:00,2020年2月8日0-12时，山东省报告新型冠状病毒感染的肺炎新增确诊病例9例，累计确诊病例416例(含重症病例25例，危重症病例7例，出院42例，无死亡病例);新增疑似病例17例，现有疑似病例102例。截至目前，追踪到密切接触者12319人，已解除医学观察7139人，诊断为疑似或确诊205例，尚有4982人正在接受医学观察。,http://wsjkw.shandong.gov.cn/wzxxgk/zwgg/202002/t20200208_2517251.html,,,,2020/2/15 11:00,手动,莫纯谊,是,2020/2/15 13:00,比对,莫纯谊,完成,,,,,,,
9,省级,2020/2/8 0:00,2020/2/8 12:00,中国,山东省,济南市,济阳区,,,,,,,,,,,http://wsjkw.shandong.gov.cn/wzxxgk/zwgg/202002/t20200208_2517251.html,2020/2/16 9:00,2020年2月8日0-12时，山东省报告新型冠状病毒感染的肺炎新增确诊病例9例，累计确诊病例416例(含重症病例25例，危重症病例7例，出院42例，无死亡病例);新增疑似病例17例，现有疑似病例102例。截至目前，追踪到密切接触者12319人，已解除医学观察7139人，诊断为疑似或确诊205例，尚有4983人正在接受医学观察。,http://wsjkw.shandong.gov.cn/wzxxgk/zwgg/202002/t20200208_2517252.html,,,,2020/2/16 11:00,手动,莫纯谊,是,2020/2/16 13:00,比对,莫纯谊,完成,,,,,,,
10,省级,2020/2/8 0:00,2020/2/8 12:00,中国,山东省,济南市,莱芜区,,,,,,,,,,,http://wsjkw.shandong.gov.cn/wzxxgk/zwgg/202002/t20200208_2517252.html,2020/2/17 9:00,2020年2月8日0-12时，山东省报告新型冠状病毒感染的肺炎新增确诊病例9例，累计确诊病例416例(含重症病例25例，危重症病例7例，出院42例，无死亡病例);新增疑似病例17例，现有疑似病例102例。截至目前，追踪到密切接触者12319人，已解除医学观察7139人，诊断为疑似或确诊205例，尚有4984人正在接受医学观察。,http://wsjkw.shandong.gov.cn/wzxxgk/zwgg/202002/t20200208_2517253.html,,,,2020/2/17 11:00,手动,莫纯谊,是,2020/2/17 13:00,比对,莫纯谊,完成,,,,,,,
11,省级,2020/2/8 0:00,2020/2/8 12:00,中国,山东省,济南市,钢城区,,,,,,,,,,,http://wsjkw.shandong.gov.cn/wzxxgk/zwgg/202002/t20200208_2517253.html,2020/2/18 9:00,2020年2月8日0-12时，山东省报告新型冠状病毒感染的肺炎新增确诊病例9例，累计确诊病例416例(含重症病例25例，危重症病例7例，出院42例，无死亡病例);新增疑似病例17例，现有疑似病例102例。截至目前，追踪到密切接触者12319人，已解除医学观察7139人，诊断为疑似或确诊205例，尚有4985人正在接受医学观察。,http://wsjkw.shandong.gov.cn/wzxxgk/zwgg/202002/t20200208_2517254.html,,,,2020/2/18 11:00,手动,莫纯谊,是,2020/2/18 13:00,比对,莫纯谊,完成,,,,,,,
12,省级,2020/2/8 0:00,2020/2/8 12:00,中国,山东省,济南市,商河县,,,,,,,,,,,http://wsjkw.shandong.gov.cn/wzxxgk/zwgg/202002/t20200208_2517254.html,2020/2/19 9:00,2020年2月8日0-12时，山东省报告新型冠状病毒感染的肺炎新增确诊病例9例，累计确诊病例416例(含重症病例25例，危重症病例7例，出院42例，无死亡病例);新增疑似病例17例，现有疑似病例102例。截至目前，追踪到密切接触者12319人，已解除医学观察7139人，诊断为疑似或确诊205例，尚有4986人正在接受医学观察。,http://wsjkw.shandong.gov.cn/wzxxgk/zwgg/202002/t20200208_2517255.html,,,,2020/2/19 11:00,手动,莫纯谊,是,2020/2/19 13:00,比对,莫纯谊,完成,,,,,,,
13,省级,2020/2/8 0:00,2020/2/8 12:00,中国,山东省,济南市,,,,,,42,26,3,,,,http://wsjkw.shandong.gov.cn/wzxxgk/zwgg/202002/t20200208_2517255.html,2020/2/20 9:00,2020年2月8日0-12时，山东省报告新型冠状病毒感染的肺炎新增确诊病例9例，累计确诊病例416例(含重症病例25例，危重症病例7例，出院42例，无死亡病例);新增疑似病例17例，现有疑似病例102例。截至目前，追踪到密切接触者12319人，已解除医学观察7139人，诊断为疑似或确诊205例，尚有4987人正在接受医学观察。,http://wsjkw.shandong.gov.cn/wzxxgk/zwgg/202002/t20200208_2517256.html,,,,2020/2/20 11:00,手动,莫纯谊,是,2020/2/20 13:00,比对,莫纯谊,完成,,,,,,,
14,省级,2020/2/8 0:00,2020/2/8 12:00,中国,山东省,青岛市,市南区,,,,,5,,,,,,http://wsjkw.shandong.gov.cn/wzxxgk/zwgg/202002/t20200208_2517256.html,2020/2/21 9:00,2020年2月8日0-12时，山东省报告新型冠状病毒感染的肺炎新增确诊病例9例，累计确诊病例416例(含重症病例25例，危重症病例7例，出院42例，无死亡病例);新增疑似病例17例，现有疑似病例102例。截至目前，追踪到密切接触者12319人，已解除医学观察7139人，诊断为疑似或确诊205例，尚有4988人正在接受医学观察。,http://wsjkw.shandong.gov.cn/wzxxgk/zwgg/202002/t20200208_2517257.html,,,,2020/2/21 11:00,手动,莫纯谊,是,2020/2/21 13:00,比对,莫纯谊,完成,,,,,,,
15,省级,2020/2/8 0:00,2020/2/8 12:00,中国,山东省,青岛市,市北区,,,,,9,,,,,,http://wsjkw.shandong.gov.cn/wzxxgk/zwgg/202002/t20200208_2517257.html,2020/2/22 9:00,2020年2月8日0-12时，山东省报告新型冠状病毒感染的肺炎新增确诊病例9例，累计确诊病例416例(含重症病例25例，危重症病例7例，出院42例，无死亡病例);新增疑似病例17例，现有疑似病例102例。截至目前，追踪到密切接触者12319人，已解除医学观察7139人，诊断为疑似或确诊205例，尚有4989人正在接受医学观察。,http://wsjkw.shandong.gov.cn/wzxxgk/zwgg/202002/t20200208_2517258.html,,,,2020/2/22 11:00,手动,莫纯谊,是,2020/2/22 13:00,比对,莫纯谊,完成,,,,,,,
16,省级,2020/2/8 0:00,2020/2/8 12:00,中国,山东省,青岛市,黄岛区,,,,,9,,,,,,http://wsjkw.shandong.gov.cn/wzxxgk/zwgg/202002/t20200208_2517258.html,2020/2/23 9:00,2020年2月8日0-12时，山东省报告新型冠状病毒感染的肺炎新增确诊病例9例，累计确诊病例416例(含重症病例25例，危重症病例7例，出院42例，无死亡病例);新增疑似病例17例，现有疑似病例102例。截至目前，追踪到密切接触者12319人，已解除医学观察7139人，诊断为疑似或确诊205例，尚有4990人正在接受医学观察。,http://wsjkw.shandong.gov.cn/wzxxgk/zwgg/202002/t20200208_2517259.html,,,,2020/2/23 11:00,手动,莫纯谊,是,2020/2/23 13:00,比对,莫纯谊,完成,,,,,,,
17,省级,2020/2/8 0:00,2020/2/8 12:00,中国,山东省,青岛市,崂山区,,,,,3,,,,,,http://wsjkw.shandong.gov.cn/wzxxgk/zwgg/202002/t20200208_2517259.html,2020/2/24 9:00,2020年2月8日0-12时，山东省报告新型冠状病毒感染的肺炎新增确诊病例9例，累计确诊病例416例(含重症病例25例，危重症病例7例，出院42例，无死亡病例);新增疑似病例17例，现有疑似病例102例。截至目前，追踪到密切接触者12319人，已解除医学观察7139人，诊断为疑似或确诊205例，尚有4991人正在接受医学观察。,http://wsjkw.shandong.gov.cn/wzxxgk/zwgg/202002/t20200208_2517260.html,,,,2020/2/24 11:00,手动,莫纯谊,是,2020/2/24 13:00,比对,莫纯谊,完成,,,,,,,
18,省级,2020/2/8 0:00,2020/2/8 12:00,中国,山东省,青岛市,李沧区,,,,,5,,,,,,http://wsjkw.shandong.gov.cn/wzxxgk/zwgg/202002/t20200208_2517260.html,2020/2/25 9:00,2020年2月8日0-12时，山东省报告新型冠状病毒感染的肺炎新增确诊病例9例，累计确诊病例416例(含重症病例25例，危重症病例7例，出院42例，无死亡病例);新增疑似病例17例，现有疑似病例102例。截至目前，追踪到密切接触者12319人，已解除医学观察7139人，诊断为疑似或确诊205例，尚有4992人正在接受医学观察。,http://wsjkw.shandong.gov.cn/wzxxgk/zwgg/202002/t20200208_2517261.html,,,,2020/2/25 11:00,手动,莫纯谊,是,2020/2/25 13:00,比对,莫纯谊,完成,,,,,,,
19,省级,2020/2/8 0:00,2020/2/8 12:00,中国,山东省,青岛市,城阳区,,,,,2,,,,,,http://wsjkw.shandong.gov.cn/wzxxgk/zwgg/202002/t20200208_2517261.html,2020/2/26 9:00,2020年2月8日0-12时，山东省报告新型冠状病毒感染的肺炎新增确诊病例9例，累计确诊病例416例(含重症病例25例，危重症病例7例，出院42例，无死亡病例);新增疑似病例17例，现有疑似病例102例。截至目前，追踪到密切接触者12319人，已解除医学观察7139人，诊断为疑似或确诊205例，尚有4993人正在接受医学观察。,http://wsjkw.shandong.gov.cn/wzxxgk/zwgg/202002/t20200208_2517262.html,,,,2020/2/26 11:00,手动,莫纯谊,是,2020/2/26 13:00,比对,莫纯谊,完成,,,,,,,
20,省级,2020/2/8 0:00,2020/2/8 12:00,中国,山东省,青岛市,即墨区,,,,,8,,,,,,http://wsjkw.shandong.gov.cn/wzxxgk/zwgg/202002/t20200208_2517262.html,2020/2/27 9:00,2020年2月8日0-12时，山东省报告新型冠状病毒感染的肺炎新增确诊病例9例，累计确诊病例416例(含重症病例25例，危重症病例7例，出院42例，无死亡病例);新增疑似病例17例，现有疑似病例102例。截至目前，追踪到密切接触者12319人，已解除医学观察7139人，诊断为疑似或确诊205例，尚有4994人正在接受医学观察。,http://wsjkw.shandong.gov.cn/wzxxgk/zwgg/202002/t20200208_2517263.html,,,,2020/2/27 11:00,手动,莫纯谊,是,2020/2/27 13:00,比对,莫纯谊,完成,,,,,,,
21,省级,2020/2/8 0:00,2020/2/8 12:00,中国,山东省,青岛市,胶州市,,,,,1,,,,,,http://wsjkw.shandong.gov.cn/wzxxgk/zwgg/202002/t20200208_2517263.html,2020/2/28 9:00,2020年2月8日0-12时，山东省报告新型冠状病毒感染的肺炎新增确诊病例9例，累计确诊病例416例(含重症病例25例，危重症病例7例，出院42例，无死亡病例);新增疑似病例17例，现有疑似病例102例。截至目前，追踪到密切接触者12319人，已解除医学观察7139人，诊断为疑似或确诊205例，尚有4995人正在接受医学观察。,http://wsjkw.shandong.gov.cn/wzxxgk/zwgg/202002/t20200208_2517264.html,,,,2020/2/28 11:00,手动,莫纯谊,是,2020/2/28 13:00,比对,莫纯谊,完成,,,,,,,
22,省级,2020/2/8 0:00,2020/2/8 12:00,中国,山东省,青岛市,平度市,,,,,3,,,,,,http://wsjkw.shandong.gov.cn/wzxxgk/zwgg/202002/t20200208_2517264.html,2020/2/29 9:00,2020年2月8日0-12时，山东省报告新型冠状病毒感染的肺炎新增确诊病例9例，累计确诊病例416例(含重症病例25例，危重症病例7例，出院42例，无死亡病例);新增疑似病例17例，现有疑似病例102例。截至目前，追踪到密切接触者12319人，已解除医学观察7139人，诊断为疑似或确诊205例，尚有4996人正在接受医学观察。,http://wsjkw.shandong.gov.cn/wzxxgk/zwgg/202002/t20200208_2517265.html,,,,2020/2/29 11:00,手动,莫纯谊,是,2020/2/29 13:00,比对,莫纯谊,完成,,,,,,,
23,省级,2020/2/8 0:00,2020/2/8 12:00,中国,山东省,青岛市,莱西市,,,,,1,,,,,,http://wsjkw.shandong.gov.cn/wzxxgk/zwgg/202002/t20200208_2517265.html,2020/3/1 9:00,2020年2月8日0-12时，山东省报告新型冠状病毒感染的肺炎新增确诊病例9例，累计确诊病例416例(含重症病例25例，危重症病例7例，出院42例，无死亡病例);新增疑似病例17例，现有疑似病例102例。截至目前，追踪到密切接触者12319人，已解除医学观察7139人，诊断为疑似或确诊205例，尚有4997人正在接受医学观察。,http://wsjkw.shandong.gov.cn/wzxxgk/zwgg/202002/t20200208_2517266.html,,,,2020/3/1 11:00,手动,莫纯谊,是,2020/3/1 13:00,比对,莫纯谊,完成,,,,,,,
24,省级,2020/2/8 0:00,2020/2/8 12:00,中国,山东省,青岛市,,,13,2,,46,39,7,,,,http://wsjkw.shandong.gov.cn/wzxxgk/zwgg/202002/t20200208_2517266.html,2020/3/2 9:00,2020年2月8日0-12时，山东省报告新型冠状病毒感染的肺炎新增确诊病例9例，累计确诊病例416例(含重症病例25例，危重症病例7例，出院42例，无死亡病例);新增疑似病例17例，现有疑似病例102例。截至目前，追踪到密切接触者12319人，已解除医学观察7139人，诊断为疑似或确诊205例，尚有4998人正在接受医学观察。,http://wsjkw.shandong.gov.cn/wzxxgk/zwgg/202002/t20200208_2517267.html,,,,2020/3/2 11:00,手动,莫纯谊,是,2020/3/2 13:00,比对,莫纯谊,完成,,,,,,,
25,省级,2020/2/8 0:00,2020/2/8 12:00,中国,山东省,淄博市,淄川区,,,,,2,,,,,,http://wsjkw.shandong.gov.cn/wzxxgk/zwgg/202002/t20200208_2517267.html,2020/3/3 9:00,2020年2月8日0-12时，山东省报告新型冠状病毒感染的肺炎新增确诊病例9例，累计确诊病例416例(含重症病例25例，危重症病例7例，出院42例，无死亡病例);新增疑似病例17例，现有疑似病例102例。截至目前，追踪到密切接触者12319人，已解除医学观察7139人，诊断为疑似或确诊205例，尚有4999人正在接受医学观察。,http://wsjkw.shandong.gov.cn/wzxxgk/zwgg/202002/t20200208_2517268.html,,,,2020/3/3 11:00,手动,莫纯谊,是,2020/3/3 13:00,比对,莫纯谊,完成,,,,,,,
26,省级,2020/2/8 0:00,2020/2/8 12:00,中国,山东省,淄博市,张店区,,,,,5,,,,,,http://wsjkw.shandong.gov.cn/wzxxgk/zwgg/202002/t20200208_2517268.html,2020/3/4 9:00,2020年2月8日0-12时，山东省报告新型冠状病毒感染的肺炎新增确诊病例9例，累计确诊病例416例(含重症病例25例，危重症病例7例，出院42例，无死亡病例);新增疑似病例17例，现有疑似病例102例。截至目前，追踪到密切接触者12319人，已解除医学观察7139人，诊断为疑似或确诊205例，尚有5000人正在接受医学观察。,http://wsjkw.shandong.gov.cn/wzxxgk/zwgg/202002/t20200208_2517269.html,,,,2020/3/4 11:00,手动,莫纯谊,是,2020/3/4 13:00,比对,莫纯谊,完成,,,,,,,
27,省级,2020/2/8 0:00,2020/2/8 12:00,中国,山东省,淄博市,博山区,,,,,6,,,,,,http://wsjkw.shandong.gov.cn/wzxxgk/zwgg/202002/t20200208_2517269.html,2020/3/5 9:00,2020年2月8日0-12时，山东省报告新型冠状病毒感染的肺炎新增确诊病例9例，累计确诊病例416例(含重症病例25例，危重症病例7例，出院42例，无死亡病例);新增疑似病例17例，现有疑似病例102例。截至目前，追踪到密切接触者12319人，已解除医学观察7139人，诊断为疑似或确诊205例，尚有5001人正在接受医学观察。,http://wsjkw.shandong.gov.cn/wzxxgk/zwgg/202002/t20200208_2517270.html,,,,2020/3/5 11:00,手动,莫纯谊,是,2020/3/5 13:00,比对,莫纯谊,完成,,,,,,,
28,省级,2020/2/8 0:00,2020/2/8 12:00,中国,山东省,淄博市,临淄区,,,,,,,,,,,http://wsjkw.shandong.gov.cn/wzxxgk/zwgg/202002/t20200208_2517270.html,2020/3/6 9:00,2020年2月8日0-12时，山东省报告新型冠状病毒感染的肺炎新增确诊病例9例，累计确诊病例416例(含重症病例25例，危重症病例7例，出院42例，无死亡病例);新增疑似病例17例，现有疑似病例102例。截至目前，追踪到密切接触者12319人，已解除医学观察7139人，诊断为疑似或确诊205例，尚有5002人正在接受医学观察。,http://wsjkw.shandong.gov.cn/wzxxgk/zwgg/202002/t20200208_2517271.html,,,,2020/3/6 11:00,手动,莫纯谊,是,2020/3/6 13:00,比对,莫纯谊,完成,,,,,,,
29,省级,2020/2/8 0:00,2020/2/8 12:00,中国,山东省,淄博市,周村区,,,,,1,,,,,,http://wsjkw.shandong.gov.cn/wzxxgk/zwgg/202002/t20200208_2517271.html,2020/3/7 9:00,2020年2月8日0-12时，山东省报告新型冠状病毒感染的肺炎新增确诊病例9例，累计确诊病例416例(含重症病例25例，危重症病例7例，出院42例，无死亡病例);新增疑似病例17例，现有疑似病例102例。截至目前，追踪到密切接触者12319人，已解除医学观察7139人，诊断为疑似或确诊205例，尚有5003人正在接受医学观察。,http://wsjkw.shandong.gov.cn/wzxxgk/zwgg/202002/t20200208_2517272.html,,,,2020/3/7 11:00,手动,莫纯谊,是,2020/3/7 13:00,比对,莫纯谊,完成,,,,,,,
30,省级,2020/2/8 0:00,2020/2/8 12:00,中国,山东省,淄博市,桓台县,,,,,1,,,,,,http://wsjkw.shandong.gov.cn/wzxxgk/zwgg/202002/t20200208_2517272.html,2020/3/8 9:00,2020年2月8日0-12时，山东省报告新型冠状病毒感染的肺炎新增确诊病例9例，累计确诊病例416例(含重症病例25例，危重症病例7例，出院42例，无死亡病例);新增疑似病例17例，现有疑似病例102例。截至目前，追踪到密切接触者12319人，已解除医学观察7139人，诊断为疑似或确诊205例，尚有5004人正在接受医学观察。,http://wsjkw.shandong.gov.cn/wzxxgk/zwgg/202002/t20200208_2517273.html,,,,2020/3/8 11:00,手动,莫纯谊,是,2020/3/8 13:00,比对,莫纯谊,完成,,,,,,,
31,省级,2020/2/8 0:00,2020/2/8 12:00,中国,山东省,淄博市,高青县,,,,,,,,,,,http://wsjkw.shandong.gov.cn/wzxxgk/zwgg/202002/t20200208_2517273.html,2020/3/9 9:00,2020年2月8日0-12时，山东省报告新型冠状病毒感染的肺炎新增确诊病例9例，累计确诊病例416例(含重症病例25例，危重症病例7例，出院42例，无死亡病例);新增疑似病例17例，现有疑似病例102例。截至目前，追踪到密切接触者12319人，已解除医学观察7139人，诊断为疑似或确诊205例，尚有5005人正在接受医学观察。,http://wsjkw.shandong.gov.cn/wzxxgk/zwgg/202002/t20200208_2517274.html,,,,2020/3/9 11:00,手动,莫纯谊,是,2020/3/9 13:00,比对,莫纯谊,完成,,,,,,,
32,省级,2020/2/8 0:00,2020/2/8 12:00,中国,山东省,淄博市,沂源县,,,,,,,,,,,http://wsjkw.shandong.gov.cn/wzxxgk/zwgg/202002/t20200208_2517274.html,2020/3/10 9:00,2020年2月8日0-12时，山东省报告新型冠状病毒感染的肺炎新增确诊病例9例，累计确诊病例416例(含重症病例25例，危重症病例7例，出院42例，无死亡病例);新增疑似病例17例，现有疑似病例102例。截至目前，追踪到密切接触者12319人，已解除医学观察7139人，诊断为疑似或确诊205例，尚有5006人正在接受医学观察。,http://wsjkw.shandong.gov.cn/wzxxgk/zwgg/202002/t20200208_2517275.html,,,,2020/3/10 11:00,手动,莫纯谊,是,2020/3/10 13:00,比对,莫纯谊,完成,,,,,,,
33,省级,2020/2/8 0:00,2020/2/8 12:00,中国,山东省,淄博市,,,,,,15,,1,,,,http://wsjkw.shandong.gov.cn/wzxxgk/zwgg/202002/t20200208_2517275.html,2020/3/11 9:00,2020年2月8日0-12时，山东省报告新型冠状病毒感染的肺炎新增确诊病例9例，累计确诊病例416例(含重症病例25例，危重症病例7例，出院42例，无死亡病例);新增疑似病例17例，现有疑似病例102例。截至目前，追踪到密切接触者12319人，已解除医学观察7139人，诊断为疑似或确诊205例，尚有5007人正在接受医学观察。,http://wsjkw.shandong.gov.cn/wzxxgk/zwgg/202002/t20200208_2517276.html,,,,2020/3/11 11:00,手动,莫纯谊,是,2020/3/11 13:00,比对,莫纯谊,完成,,,,,,,
34,省级,2020/2/8 0:00,2020/2/8 12:00,中国,山东省,枣庄市,市中区,,,,,5,,,,,,http://wsjkw.shandong.gov.cn/wzxxgk/zwgg/202002/t20200208_2517276.html,2020/3/12 9:00,2020年2月8日0-12时，山东省报告新型冠状病毒感染的肺炎新增确诊病例9例，累计确诊病例416例(含重症病例25例，危重症病例7例，出院42例，无死亡病例);新增疑似病例17例，现有疑似病例102例。截至目前，追踪到密切接触者12319人，已解除医学观察7139人，诊断为疑似或确诊205例，尚有5008人正在接受医学观察。,http://wsjkw.shandong.gov.cn/wzxxgk/zwgg/202002/t20200208_2517277.html,,,,2020/3/12 11:00,手动,莫纯谊,是,2020/3/12 13:00,比对,莫纯谊,完成,,,,,,,
35,省级,2020/2/8 0:00,2020/2/8 12:00,中国,山东省,枣庄市,薛城区,,,,,4,,,,,,http://wsjkw.shandong.gov.cn/wzxxgk/zwgg/202002/t20200208_2517277.html,2020/3/13 9:00,2020年2月8日0-12时，山东省报告新型冠状病毒感染的肺炎新增确诊病例9例，累计确诊病例416例(含重症病例25例，危重症病例7例，出院42例，无死亡病例);新增疑似病例17例，现有疑似病例102例。截至目前，追踪到密切接触者12319人，已解除医学观察7139人，诊断为疑似或确诊205例，尚有5009人正在接受医学观察。,http://wsjkw.shandong.gov.cn/wzxxgk/zwgg/202002/t20200208_2517278.html,,,,2020/3/13 11:00,手动,莫纯谊,是,2020/3/13 13:00,比对,莫纯谊,完成,,,,,,,
36,省级,2020/2/8 0:00,2020/2/8 12:00,中国,山东省,枣庄市,峄城区,,,,,,,,,,,http://wsjkw.shandong.gov.cn/wzxxgk/zwgg/202002/t20200208_2517278.html,2020/3/14 9:00,2020年2月8日0-12时，山东省报告新型冠状病毒感染的肺炎新增确诊病例9例，累计确诊病例416例(含重症病例25例，危重症病例7例，出院42例，无死亡病例);新增疑似病例17例，现有疑似病例102例。截至目前，追踪到密切接触者12319人，已解除医学观察7139人，诊断为疑似或确诊205例，尚有5010人正在接受医学观察。,http://wsjkw.shandong.gov.cn/wzxxgk/zwgg/202002/t20200208_2517279.html,,,,2020/3/14 11:00,手动,莫纯谊,是,2020/3/14 13:00,比对,莫纯谊,完成,,,,,,,
37,省级,2020/2/8 0:00,2020/2/8 12:00,中国,山东省,枣庄市,台儿庄区,,,,,5,,,,,,http://wsjkw.shandong.gov.cn/wzxxgk/zwgg/202002/t20200208_2517279.html,2020/3/15 9:00,2020年2月8日0-12时，山东省报告新型冠状病毒感染的肺炎新增确诊病例9例，累计确诊病例416例(含重症病例25例，危重症病例7例，出院42例，无死亡病例);新增疑似病例17例，现有疑似病例102例。截至目前，追踪到密切接触者12319人，已解除医学观察7139人，诊断为疑似或确诊205例，尚有5011人正在接受医学观察。,http://wsjkw.shandong.gov.cn/wzxxgk/zwgg/202002/t20200208_2517280.html,,,,2020/3/15 11:00,手动,莫纯谊,是,2020/3/15 13:00,比对,莫纯谊,完成,,,,,,,
38,省级,2020/2/8 0:00,2020/2/8 12:00,中国,山东省,枣庄市,山亭区,,,,,2,,,,,,http://wsjkw.shandong.gov.cn/wzxxgk/zwgg/202002/t20200208_2517280.html,2020/3/16 9:00,2020年2月8日0-12时，山东省报告新型冠状病毒感染的肺炎新增确诊病例9例，累计确诊病例416例(含重症病例25例，危重症病例7例，出院42例，无死亡病例);新增疑似病例17例，现有疑似病例102例。截至目前，追踪到密切接触者12319人，已解除医学观察7139人，诊断为疑似或确诊205例，尚有5012人正在接受医学观察。,http://wsjkw.shandong.gov.cn/wzxxgk/zwgg/202002/t20200208_2517281.html,,,,2020/3/16 11:00,手动,莫纯谊,是,2020/3/16 13:00,比对,莫纯谊,完成,,,,,,,
39,省级,2020/2/8 0:00,2020/2/8 12:00,中国,山东省,枣庄市,滕州市,,,,,4,,,,,,http://wsjkw.shandong.gov.cn/wzxxgk/zwgg/202002/t20200208_2517281.html,2020/3/17 9:00,2020年2月8日0-12时，山东省报告新型冠状病毒感染的肺炎新增确诊病例9例，累计确诊病例416例(含重症病例25例，危重症病例7例，出院42例，无死亡病例);新增疑似病例17例，现有疑似病例102例。截至目前，追踪到密切接触者12319人，已解除医学观察7139人，诊断为疑似或确诊205例，尚有5013人正在接受医学观察。,http://wsjkw.shandong.gov.cn/wzxxgk/zwgg/202002/t20200208_2517282.html,,,,2020/3/17 11:00,手动,莫纯谊,是,2020/3/17 13:00,比对,莫纯谊,完成,,,,,,,
40,省级,2020/2/8 0:00,2020/2/8 12:00,中国,山东省,枣庄市,,1,,,,20,1,,,,,http://wsjkw.shandong.gov.cn/wzxxgk/zwgg/202002/t20200208_2517282.html,2020/3/18 9:00,2020年2月8日0-12时，山东省报告新型冠状病毒感染的肺炎新增确诊病例9例，累计确诊病例416例(含重症病例25例，危重症病例7例，出院42例，无死亡病例);新增疑似病例17例，现有疑似病例102例。截至目前，追踪到密切接触者12319人，已解除医学观察7139人，诊断为疑似或确诊205例，尚有5014人正在接受医学观察。,http://wsjkw.shandong.gov.cn/wzxxgk/zwgg/202002/t20200208_2517283.html,,,,2020/3/18 11:00,手动,莫纯谊,是,2020/3/18 13:00,比对,莫纯谊,完成,,,,,,,
41,省级,2020/2/8 0:00,2020/2/8 12:00,中国,山东省,东营市,东营区,,,,,,,,,,,http://wsjkw.shandong.gov.cn/wzxxgk/zwgg/202002/t20200208_2517283.html,2020/3/19 9:00,2020年2月8日0-12时，山东省报告新型冠状病毒感染的肺炎新增确诊病例9例，累计确诊病例416例(含重症病例25例，危重症病例7例，出院42例，无死亡病例);新增疑似病例17例，现有疑似病例102例。截至目前，追踪到密切接触者12319人，已解除医学观察7139人，诊断为疑似或确诊205例，尚有5015人正在接受医学观察。,http://wsjkw.shandong.gov.cn/wzxxgk/zwgg/202002/t20200208_2517284.html,,,,2020/3/19 11:00,手动,莫纯谊,是,2020/3/19 13:00,比对,莫纯谊,完成,,,,,,,
42,省级,2020/2/8 0:00,2020/2/8 12:00,中国,山东省,东营市,河口区,,,,,,,,,,,http://wsjkw.shandong.gov.cn/wzxxgk/zwgg/202002/t20200208_2517284.html,2020/3/20 9:00,2020年2月8日0-12时，山东省报告新型冠状病毒感染的肺炎新增确诊病例9例，累计确诊病例416例(含重症病例25例，危重症病例7例，出院42例，无死亡病例);新增疑似病例17例，现有疑似病例102例。截至目前，追踪到密切接触者12319人，已解除医学观察7139人，诊断为疑似或确诊205例，尚有5016人正在接受医学观察。,http://wsjkw.shandong.gov.cn/wzxxgk/zwgg/202002/t20200208_2517285.html,,,,2020/3/20 11:00,手动,莫纯谊,是,2020/3/20 13:00,比对,莫纯谊,完成,,,,,,,
43,省级,2020/2/8 0:00,2020/2/8 12:00,中国,山东省,东营市,垦利区,,,,,,,,,,,http://wsjkw.shandong.gov.cn/wzxxgk/zwgg/202002/t20200208_2517285.html,2020/3/21 9:00,2020年2月8日0-12时，山东省报告新型冠状病毒感染的肺炎新增确诊病例9例，累计确诊病例416例(含重症病例25例，危重症病例7例，出院42例，无死亡病例);新增疑似病例17例，现有疑似病例102例。截至目前，追踪到密切接触者12319人，已解除医学观察7139人，诊断为疑似或确诊205例，尚有5017人正在接受医学观察。,http://wsjkw.shandong.gov.cn/wzxxgk/zwgg/202002/t20200208_2517286.html,,,,2020/3/21 11:00,手动,莫纯谊,是,2020/3/21 13:00,比对,莫纯谊,完成,,,,,,,
44,省级,2020/2/8 0:00,2020/2/8 12:00,中国,山东省,东营市,利津县,,,,,,,,,,,http://wsjkw.shandong.gov.cn/wzxxgk/zwgg/202002/t20200208_2517286.html,2020/3/22 9:00,2020年2月8日0-12时，山东省报告新型冠状病毒感染的肺炎新增确诊病例9例，累计确诊病例416例(含重症病例25例，危重症病例7例，出院42例，无死亡病例);新增疑似病例17例，现有疑似病例102例。截至目前，追踪到密切接触者12319人，已解除医学观察7139人，诊断为疑似或确诊205例，尚有5018人正在接受医学观察。,http://wsjkw.shandong.gov.cn/wzxxgk/zwgg/202002/t20200208_2517287.html,,,,2020/3/22 11:00,手动,莫纯谊,是,2020/3/22 13:00,比对,莫纯谊,完成,,,,,,,
45,省级,2020/2/8 0:00,2020/2/8 12:00,中国,山东省,东营市,广饶县,,,,,,,,,,,http://wsjkw.shandong.gov.cn/wzxxgk/zwgg/202002/t20200208_2517287.html,2020/3/23 9:00,2020年2月8日0-12时，山东省报告新型冠状病毒感染的肺炎新增确诊病例9例，累计确诊病例416例(含重症病例25例，危重症病例7例，出院42例，无死亡病例);新增疑似病例17例，现有疑似病例102例。截至目前，追踪到密切接触者12319人，已解除医学观察7139人，诊断为疑似或确诊205例，尚有5019人正在接受医学观察。,http://wsjkw.shandong.gov.cn/wzxxgk/zwgg/202002/t20200208_2517288.html,,,,2020/3/23 11:00,手动,莫纯谊,是,2020/3/23 13:00,比对,莫纯谊,完成,,,,,,,
46,省级,2020/2/8 0:00,2020/2/8 12:00,中国,山东省,东营市,,,,,,,,,,,,http://wsjkw.shandong.gov.cn/wzxxgk/zwgg/202002/t20200208_2517288.html,2020/3/24 9:00,2020年2月8日0-12时，山东省报告新型冠状病毒感染的肺炎新增确诊病例9例，累计确诊病例416例(含重症病例25例，危重症病例7例，出院42例，无死亡病例);新增疑似病例17例，现有疑似病例102例。截至目前，追踪到密切接触者12319人，已解除医学观察7139人，诊断为疑似或确诊205例，尚有5020人正在接受医学观察。,http://wsjkw.shandong.gov.cn/wzxxgk/zwgg/202002/t20200208_2517289.html,,,,2020/3/24 11:00,手动,莫纯谊,是,2020/3/24 13:00,比对,莫纯谊,完成,,,,,,,
47,省级,2020/2/8 0:00,2020/2/8 12:00,中国,山东省,烟台市,芝罘区,,,,,7,,,,,,http://wsjkw.shandong.gov.cn/wzxxgk/zwgg/202002/t20200208_2517289.html,2020/3/25 9:00,2020年2月8日0-12时，山东省报告新型冠状病毒感染的肺炎新增确诊病例9例，累计确诊病例416例(含重症病例25例，危重症病例7例，出院42例，无死亡病例);新增疑似病例17例，现有疑似病例102例。截至目前，追踪到密切接触者12319人，已解除医学观察7139人，诊断为疑似或确诊205例，尚有5021人正在接受医学观察。,http://wsjkw.shandong.gov.cn/wzxxgk/zwgg/202002/t20200208_2517290.html,,,,2020/3/25 11:00,手动,莫纯谊,是,2020/3/25 13:00,比对,莫纯谊,完成,,,,,,,
48,省级,2020/2/8 0:00,2020/2/8 12:00,中国,山东省,烟台市,福山区,,,,,10,,,,,,http://wsjkw.shandong.gov.cn/wzxxgk/zwgg/202002/t20200208_2517290.html,2020/3/26 9:00,2020年2月8日0-12时，山东省报告新型冠状病毒感染的肺炎新增确诊病例9例，累计确诊病例416例(含重症病例25例，危重症病例7例，出院42例，无死亡病例);新增疑似病例17例，现有疑似病例102例。截至目前，追踪到密切接触者12319人，已解除医学观察7139人，诊断为疑似或确诊205例，尚有5022人正在接受医学观察。,http://wsjkw.shandong.gov.cn/wzxxgk/zwgg/202002/t20200208_2517291.html,,,,2020/3/26 11:00,手动,莫纯谊,是,2020/3/26 13:00,比对,莫纯谊,完成,,,,,,,
49,省级,2020/2/8 0:00,2020/2/8 12:00,中国,山东省,烟台市,牟平区,,,,,1,,,,,,http://wsjkw.shandong.gov.cn/wzxxgk/zwgg/202002/t20200208_2517291.html,2020/3/27 9:00,2020年2月8日0-12时，山东省报告新型冠状病毒感染的肺炎新增确诊病例9例，累计确诊病例416例(含重症病例25例，危重症病例7例，出院42例，无死亡病例);新增疑似病例17例，现有疑似病例102例。截至目前，追踪到密切接触者12319人，已解除医学观察7139人，诊断为疑似或确诊205例，尚有5023人正在接受医学观察。,http://wsjkw.shandong.gov.cn/wzxxgk/zwgg/202002/t20200208_2517292.html,,,,2020/3/27 11:00,手动,莫纯谊,是,2020/3/27 13:00,比对,莫纯谊,完成,,,,,,,
50,省级,2020/2/8 0:00,2020/2/8 12:00,中国,山东省,烟台市,莱山区,,,,,1,,,,,,http://wsjkw.shandong.gov.cn/wzxxgk/zwgg/202002/t20200208_2517292.html,2020/3/28 9:00,2020年2月8日0-12时，山东省报告新型冠状病毒感染的肺炎新增确诊病例9例，累计确诊病例416例(含重症病例25例，危重症病例7例，出院42例，无死亡病例);新增疑似病例17例，现有疑似病例102例。截至目前，追踪到密切接触者12319人，已解除医学观察7139人，诊断为疑似或确诊205例，尚有5024人正在接受医学观察。,http://wsjkw.shandong.gov.cn/wzxxgk/zwgg/202002/t20200208_2517293.html,,,,2020/3/28 11:00,手动,莫纯谊,是,2020/3/28 13:00,比对,莫纯谊,完成,,,,,,,
51,省级,2020/2/8 0:00,2020/2/8 12:00,中国,山东省,烟台市,长岛县,,,,,,,,,,,http://wsjkw.shandong.gov.cn/wzxxgk/zwgg/202002/t20200208_2517293.html,2020/3/29 9:00,2020年2月8日0-12时，山东省报告新型冠状病毒感染的肺炎新增确诊病例9例，累计确诊病例416例(含重症病例25例，危重症病例7例，出院42例，无死亡病例);新增疑似病例17例，现有疑似病例102例。截至目前，追踪到密切接触者12319人，已解除医学观察7139人，诊断为疑似或确诊205例，尚有5025人正在接受医学观察。,http://wsjkw.shandong.gov.cn/wzxxgk/zwgg/202002/t20200208_2517294.html,,,,2020/3/29 11:00,手动,莫纯谊,是,2020/3/29 13:00,比对,莫纯谊,完成,,,,,,,
52,省级,2020/2/8 0:00,2020/2/8 12:00,中国,山东省,烟台市,龙口市,,,,,,,,,,,http://wsjkw.shandong.gov.cn/wzxxgk/zwgg/202002/t20200208_2517294.html,2020/3/30 9:00,2020年2月8日0-12时，山东省报告新型冠状病毒感染的肺炎新增确诊病例9例，累计确诊病例416例(含重症病例25例，危重症病例7例，出院42例，无死亡病例);新增疑似病例17例，现有疑似病例102例。截至目前，追踪到密切接触者12319人，已解除医学观察7139人，诊断为疑似或确诊205例，尚有5026人正在接受医学观察。,http://wsjkw.shandong.gov.cn/wzxxgk/zwgg/202002/t20200208_2517295.html,,,,2020/3/30 11:00,手动,莫纯谊,是,2020/3/30 13:00,比对,莫纯谊,完成,,,,,,,
53,省级,2020/2/8 0:00,2020/2/8 12:00,中国,山东省,烟台市,莱阳市,,,,,6,,,,,,http://wsjkw.shandong.gov.cn/wzxxgk/zwgg/202002/t20200208_2517295.html,2020/3/31 9:00,2020年2月8日0-12时，山东省报告新型冠状病毒感染的肺炎新增确诊病例9例，累计确诊病例416例(含重症病例25例，危重症病例7例，出院42例，无死亡病例);新增疑似病例17例，现有疑似病例102例。截至目前，追踪到密切接触者12319人，已解除医学观察7139人，诊断为疑似或确诊205例，尚有5027人正在接受医学观察。,http://wsjkw.shandong.gov.cn/wzxxgk/zwgg/202002/t20200208_2517296.html,,,,2020/3/31 11:00,手动,莫纯谊,是,2020/3/31 13:00,比对,莫纯谊,完成,,,,,,,
54,省级,2020/2/8 0:00,2020/2/8 12:00,中国,山东省,烟台市,莱州市,,,,,2,,,,,,http://wsjkw.shandong.gov.cn/wzxxgk/zwgg/202002/t20200208_2517296.html,2020/4/1 9:00,2020年2月8日0-12时，山东省报告新型冠状病毒感染的肺炎新增确诊病例9例，累计确诊病例416例(含重症病例25例，危重症病例7例，出院42例，无死亡病例);新增疑似病例17例，现有疑似病例102例。截至目前，追踪到密切接触者12319人，已解除医学观察7139人，诊断为疑似或确诊205例，尚有5028人正在接受医学观察。,http://wsjkw.shandong.gov.cn/wzxxgk/zwgg/202002/t20200208_2517297.html,,,,2020/4/1 11:00,手动,莫纯谊,是,2020/4/1 13:00,比对,莫纯谊,完成,,,,,,,
55,省级,2020/2/8 0:00,2020/2/8 12:00,中国,山东省,烟台市,蓬莱市,,,,,,,,,,,http://wsjkw.shandong.gov.cn/wzxxgk/zwgg/202002/t20200208_2517297.html,2020/4/2 9:00,2020年2月8日0-12时，山东省报告新型冠状病毒感染的肺炎新增确诊病例9例，累计确诊病例416例(含重症病例25例，危重症病例7例，出院42例，无死亡病例);新增疑似病例17例，现有疑似病例102例。截至目前，追踪到密切接触者12319人，已解除医学观察7139人，诊断为疑似或确诊205例，尚有5029人正在接受医学观察。,http://wsjkw.shandong.gov.cn/wzxxgk/zwgg/202002/t20200208_2517298.html,,,,2020/4/2 11:00,手动,莫纯谊,是,2020/4/2 13:00,比对,莫纯谊,完成,,,,,,,
56,省级,2020/2/8 0:00,2020/2/8 12:00,中国,山东省,烟台市,招远市,,,,,,,,,,,http://wsjkw.shandong.gov.cn/wzxxgk/zwgg/202002/t20200208_2517298.html,2020/4/3 9:00,2020年2月8日0-12时，山东省报告新型冠状病毒感染的肺炎新增确诊病例9例，累计确诊病例416例(含重症病例25例，危重症病例7例，出院42例，无死亡病例);新增疑似病例17例，现有疑似病例102例。截至目前，追踪到密切接触者12319人，已解除医学观察7139人，诊断为疑似或确诊205例，尚有5030人正在接受医学观察。,http://wsjkw.shandong.gov.cn/wzxxgk/zwgg/202002/t20200208_2517299.html,,,,2020/4/3 11:00,手动,莫纯谊,是,2020/4/3 13:00,比对,莫纯谊,完成,,,,,,,
57,省级,2020/2/8 0:00,2020/2/8 12:00,中国,山东省,烟台市,栖霞市,,,,,,,,,,,http://wsjkw.shandong.gov.cn/wzxxgk/zwgg/202002/t20200208_2517299.html,2020/4/4 9:00,2020年2月8日0-12时，山东省报告新型冠状病毒感染的肺炎新增确诊病例9例，累计确诊病例416例(含重症病例25例，危重症病例7例，出院42例，无死亡病例);新增疑似病例17例，现有疑似病例102例。截至目前，追踪到密切接触者12319人，已解除医学观察7139人，诊断为疑似或确诊205例，尚有5031人正在接受医学观察。,http://wsjkw.shandong.gov.cn/wzxxgk/zwgg/202002/t20200208_2517300.html,,,,2020/4/4 11:00,手动,莫纯谊,是,2020/4/4 13:00,比对,莫纯谊,完成,,,,,,,
58,省级,2020/2/8 0:00,2020/2/8 12:00,中国,山东省,烟台市,海阳市,,,,,8,,,,,,http://wsjkw.shandong.gov.cn/wzxxgk/zwgg/202002/t20200208_2517300.html,2020/4/5 9:00,2020年2月8日0-12时，山东省报告新型冠状病毒感染的肺炎新增确诊病例9例，累计确诊病例416例(含重症病例25例，危重症病例7例，出院42例，无死亡病例);新增疑似病例17例，现有疑似病例102例。截至目前，追踪到密切接触者12319人，已解除医学观察7139人，诊断为疑似或确诊205例，尚有5032人正在接受医学观察。,http://wsjkw.shandong.gov.cn/wzxxgk/zwgg/202002/t20200208_2517301.html,,,,2020/4/5 11:00,手动,莫纯谊,是,2020/4/5 13:00,比对,莫纯谊,完成,,,,,,,
59,省级,2020/2/8 0:00,2020/2/8 12:00,中国,山东省,烟台市,,1,1,,,35,1,2,,,,http://wsjkw.shandong.gov.cn/wzxxgk/zwgg/202002/t20200208_2517301.html,2020/4/6 9:00,2020年2月8日0-12时，山东省报告新型冠状病毒感染的肺炎新增确诊病例9例，累计确诊病例416例(含重症病例25例，危重症病例7例，出院42例，无死亡病例);新增疑似病例17例，现有疑似病例102例。截至目前，追踪到密切接触者12319人，已解除医学观察7139人，诊断为疑似或确诊205例，尚有5033人正在接受医学观察。,http://wsjkw.shandong.gov.cn/wzxxgk/zwgg/202002/t20200208_2517302.html,,,,2020/4/6 11:00,手动,莫纯谊,是,2020/4/6 13:00,比对,莫纯谊,完成,,,,,,,
60,省级,2020/2/8 0:00,2020/2/8 12:00,中国,山东省,潍坊市,潍城区,,,,,,,,,,,http://wsjkw.shandong.gov.cn/wzxxgk/zwgg/202002/t20200208_2517302.html,2020/4/7 9:00,2020年2月8日0-12时，山东省报告新型冠状病毒感染的肺炎新增确诊病例9例，累计确诊病例416例(含重症病例25例，危重症病例7例，出院42例，无死亡病例);新增疑似病例17例，现有疑似病例102例。截至目前，追踪到密切接触者12319人，已解除医学观察7139人，诊断为疑似或确诊205例，尚有5034人正在接受医学观察。,http://wsjkw.shandong.gov.cn/wzxxgk/zwgg/202002/t20200208_2517303.html,,,,2020/4/7 11:00,手动,莫纯谊,是,2020/4/7 13:00,比对,莫纯谊,完成,,,,,,,
61,省级,2020/2/8 0:00,2020/2/8 12:00,中国,山东省,潍坊市,寒亭区,,,,,,,,,,,http://wsjkw.shandong.gov.cn/wzxxgk/zwgg/202002/t20200208_2517303.html,2020/4/8 9:00,2020年2月8日0-12时，山东省报告新型冠状病毒感染的肺炎新增确诊病例9例，累计确诊病例416例(含重症病例25例，危重症病例7例，出院42例，无死亡病例);新增疑似病例17例，现有疑似病例102例。截至目前，追踪到密切接触者12319人，已解除医学观察7139人，诊断为疑似或确诊205例，尚有5035人正在接受医学观察。,http://wsjkw.shandong.gov.cn/wzxxgk/zwgg/202002/t20200208_2517304.html,,,,2020/4/8 11:00,手动,莫纯谊,是,2020/4/8 13:00,比对,莫纯谊,完成,,,,,,,
62,省级,2020/2/8 0:00,2020/2/8 12:00,中国,山东省,潍坊市,坊子区,,,,,,,,,,,http://wsjkw.shandong.gov.cn/wzxxgk/zwgg/202002/t20200208_2517304.html,2020/4/9 9:00,2020年2月8日0-12时，山东省报告新型冠状病毒感染的肺炎新增确诊病例9例，累计确诊病例416例(含重症病例25例，危重症病例7例，出院42例，无死亡病例);新增疑似病例17例，现有疑似病例102例。截至目前，追踪到密切接触者12319人，已解除医学观察7139人，诊断为疑似或确诊205例，尚有5036人正在接受医学观察。,http://wsjkw.shandong.gov.cn/wzxxgk/zwgg/202002/t20200208_2517305.html,,,,2020/4/9 11:00,手动,莫纯谊,是,2020/4/9 13:00,比对,莫纯谊,完成,,,,,,,
63,省级,2020/2/8 0:00,2020/2/8 12:00,中国,山东省,潍坊市,奎文区,,,,,19,,,,,,http://wsjkw.shandong.gov.cn/wzxxgk/zwgg/202002/t20200208_2517305.html,2020/4/10 9:00,2020年2月8日0-12时，山东省报告新型冠状病毒感染的肺炎新增确诊病例9例，累计确诊病例416例(含重症病例25例，危重症病例7例，出院42例，无死亡病例);新增疑似病例17例，现有疑似病例102例。截至目前，追踪到密切接触者12319人，已解除医学观察7139人，诊断为疑似或确诊205例，尚有5037人正在接受医学观察。,http://wsjkw.shandong.gov.cn/wzxxgk/zwgg/202002/t20200208_2517306.html,,,,2020/4/10 11:00,手动,莫纯谊,是,2020/4/10 13:00,比对,莫纯谊,完成,,,,,,,
64,省级,2020/2/8 0:00,2020/2/8 12:00,中国,山东省,潍坊市,临朐县,,,,,3,,,,,,http://wsjkw.shandong.gov.cn/wzxxgk/zwgg/202002/t20200208_2517306.html,2020/4/11 9:00,2020年2月8日0-12时，山东省报告新型冠状病毒感染的肺炎新增确诊病例9例，累计确诊病例416例(含重症病例25例，危重症病例7例，出院42例，无死亡病例);新增疑似病例17例，现有疑似病例102例。截至目前，追踪到密切接触者12319人，已解除医学观察7139人，诊断为疑似或确诊205例，尚有5038人正在接受医学观察。,http://wsjkw.shandong.gov.cn/wzxxgk/zwgg/202002/t20200208_2517307.html,,,,2020/4/11 11:00,手动,莫纯谊,是,2020/4/11 13:00,比对,莫纯谊,完成,,,,,,,
65,省级,2020/2/8 0:00,2020/2/8 12:00,中国,山东省,潍坊市,昌乐县,,,,,3,,,,,,http://wsjkw.shandong.gov.cn/wzxxgk/zwgg/202002/t20200208_2517307.html,2020/4/12 9:00,2020年2月8日0-12时，山东省报告新型冠状病毒感染的肺炎新增确诊病例9例，累计确诊病例416例(含重症病例25例，危重症病例7例，出院42例，无死亡病例);新增疑似病例17例，现有疑似病例102例。截至目前，追踪到密切接触者12319人，已解除医学观察7139人，诊断为疑似或确诊205例，尚有5039人正在接受医学观察。,http://wsjkw.shandong.gov.cn/wzxxgk/zwgg/202002/t20200208_2517308.html,,,,2020/4/12 11:00,手动,莫纯谊,是,2020/4/12 13:00,比对,莫纯谊,完成,,,,,,,
66,省级,2020/2/8 0:00,2020/2/8 12:00,中国,山东省,潍坊市,青州市,,,,,,,,,,,http://wsjkw.shandong.gov.cn/wzxxgk/zwgg/202002/t20200208_2517308.html,2020/4/13 9:00,2020年2月8日0-12时，山东省报告新型冠状病毒感染的肺炎新增确诊病例9例，累计确诊病例416例(含重症病例25例，危重症病例7例，出院42例，无死亡病例);新增疑似病例17例，现有疑似病例102例。截至目前，追踪到密切接触者12319人，已解除医学观察7139人，诊断为疑似或确诊205例，尚有5040人正在接受医学观察。,http://wsjkw.shandong.gov.cn/wzxxgk/zwgg/202002/t20200208_2517309.html,,,,2020/4/13 11:00,手动,莫纯谊,是,2020/4/13 13:00,比对,莫纯谊,完成,,,,,,,
67,省级,2020/2/8 0:00,2020/2/8 12:00,中国,山东省,潍坊市,诸城市,,,,,2,,,,,,http://wsjkw.shandong.gov.cn/wzxxgk/zwgg/202002/t20200208_2517309.html,2020/4/14 9:00,2020年2月8日0-12时，山东省报告新型冠状病毒感染的肺炎新增确诊病例9例，累计确诊病例416例(含重症病例25例，危重症病例7例，出院42例，无死亡病例);新增疑似病例17例，现有疑似病例102例。截至目前，追踪到密切接触者12319人，已解除医学观察7139人，诊断为疑似或确诊205例，尚有5041人正在接受医学观察。,http://wsjkw.shandong.gov.cn/wzxxgk/zwgg/202002/t20200208_2517310.html,,,,2020/4/14 11:00,手动,莫纯谊,是,2020/4/14 13:00,比对,莫纯谊,完成,,,,,,,
68,省级,2020/2/8 0:00,2020/2/8 12:00,中国,山东省,潍坊市,寿光市,,,,,1,,,,,,http://wsjkw.shandong.gov.cn/wzxxgk/zwgg/202002/t20200208_2517310.html,2020/4/15 9:00,2020年2月8日0-12时，山东省报告新型冠状病毒感染的肺炎新增确诊病例9例，累计确诊病例416例(含重症病例25例，危重症病例7例，出院42例，无死亡病例);新增疑似病例17例，现有疑似病例102例。截至目前，追踪到密切接触者12319人，已解除医学观察7139人，诊断为疑似或确诊205例，尚有5042人正在接受医学观察。,http://wsjkw.shandong.gov.cn/wzxxgk/zwgg/202002/t20200208_2517311.html,,,,2020/4/15 11:00,手动,莫纯谊,是,2020/4/15 13:00,比对,莫纯谊,完成,,,,,,,
69,省级,2020/2/8 0:00,2020/2/8 12:00,中国,山东省,潍坊市,安丘市,,,,,1,,,,,,http://wsjkw.shandong.gov.cn/wzxxgk/zwgg/202002/t20200208_2517311.html,2020/4/16 9:00,2020年2月8日0-12时，山东省报告新型冠状病毒感染的肺炎新增确诊病例9例，累计确诊病例416例(含重症病例25例，危重症病例7例，出院42例，无死亡病例);新增疑似病例17例，现有疑似病例102例。截至目前，追踪到密切接触者12319人，已解除医学观察7139人，诊断为疑似或确诊205例，尚有5043人正在接受医学观察。,http://wsjkw.shandong.gov.cn/wzxxgk/zwgg/202002/t20200208_2517312.html,,,,2020/4/16 11:00,手动,莫纯谊,是,2020/4/16 13:00,比对,莫纯谊,完成,,,,,,,
70,省级,2020/2/8 0:00,2020/2/8 12:00,中国,山东省,潍坊市,高密市,,,,,1,,,,,,http://wsjkw.shandong.gov.cn/wzxxgk/zwgg/202002/t20200208_2517312.html,2020/4/17 9:00,2020年2月8日0-12时，山东省报告新型冠状病毒感染的肺炎新增确诊病例9例，累计确诊病例416例(含重症病例25例，危重症病例7例，出院42例，无死亡病例);新增疑似病例17例，现有疑似病例102例。截至目前，追踪到密切接触者12319人，已解除医学观察7139人，诊断为疑似或确诊205例，尚有5044人正在接受医学观察。,http://wsjkw.shandong.gov.cn/wzxxgk/zwgg/202002/t20200208_2517313.html,,,,2020/4/17 11:00,手动,莫纯谊,是,2020/4/17 13:00,比对,莫纯谊,完成,,,,,,,
71,省级,2020/2/8 0:00,2020/2/8 12:00,中国,山东省,潍坊市,昌邑市,,,,,1,,,,,,http://wsjkw.shandong.gov.cn/wzxxgk/zwgg/202002/t20200208_2517313.html,2020/4/18 9:00,2020年2月8日0-12时，山东省报告新型冠状病毒感染的肺炎新增确诊病例9例，累计确诊病例416例(含重症病例25例，危重症病例7例，出院42例，无死亡病例);新增疑似病例17例，现有疑似病例102例。截至目前，追踪到密切接触者12319人，已解除医学观察7139人，诊断为疑似或确诊205例，尚有5045人正在接受医学观察。,http://wsjkw.shandong.gov.cn/wzxxgk/zwgg/202002/t20200208_2517314.html,,,,2020/4/18 11:00,手动,莫纯谊,是,2020/4/18 13:00,比对,莫纯谊,完成,,,,,,,
72,省级,2020/2/8 0:00,2020/2/8 12:00,中国,山东省,潍坊市,,2,,,,31,4,,,,,http://wsjkw.shandong.gov.cn/wzxxgk/zwgg/202002/t20200208_2517314.html,2020/4/19 9:00,2020年2月8日0-12时，山东省报告新型冠状病毒感染的肺炎新增确诊病例9例，累计确诊病例416例(含重症病例25例，危重症病例7例，出院42例，无死亡病例);新增疑似病例17例，现有疑似病例102例。截至目前，追踪到密切接触者12319人，已解除医学观察7139人，诊断为疑似或确诊205例，尚有5046人正在接受医学观察。,http://wsjkw.shandong.gov.cn/wzxxgk/zwgg/202002/t20200208_2517315.html,,,,2020/4/19 11:00,手动,莫纯谊,是,2020/4/19 13:00,比对,莫纯谊,完成,,,,,,,
73,省级,2020/2/8 0:00,2020/2/8 12:00,中国,山东省,济宁市,任城区,,,,,16,,,,,,http://wsjkw.shandong.gov.cn/wzxxgk/zwgg/202002/t20200208_2517315.html,2020/4/20 9:00,2020年2月8日0-12时，山东省报告新型冠状病毒感染的肺炎新增确诊病例9例，累计确诊病例416例(含重症病例25例，危重症病例7例，出院42例，无死亡病例);新增疑似病例17例，现有疑似病例102例。截至目前，追踪到密切接触者12319人，已解除医学观察7139人，诊断为疑似或确诊205例，尚有5047人正在接受医学观察。,http://wsjkw.shandong.gov.cn/wzxxgk/zwgg/202002/t20200208_2517316.html,,,,2020/4/20 11:00,手动,莫纯谊,是,2020/4/20 13:00,比对,莫纯谊,完成,,,,,,,
74,省级,2020/2/8 0:00,2020/2/8 12:00,中国,山东省,济宁市,兖州区,,,,,6,,,,,,http://wsjkw.shandong.gov.cn/wzxxgk/zwgg/202002/t20200208_2517316.html,2020/4/21 9:00,2020年2月8日0-12时，山东省报告新型冠状病毒感染的肺炎新增确诊病例9例，累计确诊病例416例(含重症病例25例，危重症病例7例，出院42例，无死亡病例);新增疑似病例17例，现有疑似病例102例。截至目前，追踪到密切接触者12319人，已解除医学观察7139人，诊断为疑似或确诊205例，尚有5048人正在接受医学观察。,http://wsjkw.shandong.gov.cn/wzxxgk/zwgg/202002/t20200208_2517317.html,,,,2020/4/21 11:00,手动,莫纯谊,是,2020/4/21 13:00,比对,莫纯谊,完成,,,,,,,
75,省级,2020/2/8 0:00,2020/2/8 12:00,中国,山东省,济宁市,微山县,,,,,,,,,,,http://wsjkw.shandong.gov.cn/wzxxgk/zwgg/202002/t20200208_2517317.html,2020/4/22 9:00,2020年2月8日0-12时，山东省报告新型冠状病毒感染的肺炎新增确诊病例9例，累计确诊病例416例(含重症病例25例，危重症病例7例，出院42例，无死亡病例);新增疑似病例17例，现有疑似病例102例。截至目前，追踪到密切接触者12319人，已解除医学观察7139人，诊断为疑似或确诊205例，尚有5049人正在接受医学观察。,http://wsjkw.shandong.gov.cn/wzxxgk/zwgg/202002/t20200208_2517318.html,,,,2020/4/22 11:00,手动,莫纯谊,是,2020/4/22 13:00,比对,莫纯谊,完成,,,,,,,
76,省级,2020/2/8 0:00,2020/2/8 12:00,中国,山东省,济宁市,鱼台县,,,,,,,,,,,http://wsjkw.shandong.gov.cn/wzxxgk/zwgg/202002/t20200208_2517318.html,2020/4/23 9:00,2020年2月8日0-12时，山东省报告新型冠状病毒感染的肺炎新增确诊病例9例，累计确诊病例416例(含重症病例25例，危重症病例7例，出院42例，无死亡病例);新增疑似病例17例，现有疑似病例102例。截至目前，追踪到密切接触者12319人，已解除医学观察7139人，诊断为疑似或确诊205例，尚有5050人正在接受医学观察。,http://wsjkw.shandong.gov.cn/wzxxgk/zwgg/202002/t20200208_2517319.html,,,,2020/4/23 11:00,手动,莫纯谊,是,2020/4/23 13:00,比对,莫纯谊,完成,,,,,,,
77,省级,2020/2/8 0:00,2020/2/8 12:00,中国,山东省,济宁市,金乡县,,,,,1,,,,,,http://wsjkw.shandong.gov.cn/wzxxgk/zwgg/202002/t20200208_2517319.html,2020/4/24 9:00,2020年2月8日0-12时，山东省报告新型冠状病毒感染的肺炎新增确诊病例9例，累计确诊病例416例(含重症病例25例，危重症病例7例，出院42例，无死亡病例);新增疑似病例17例，现有疑似病例102例。截至目前，追踪到密切接触者12319人，已解除医学观察7139人，诊断为疑似或确诊205例，尚有5051人正在接受医学观察。,http://wsjkw.shandong.gov.cn/wzxxgk/zwgg/202002/t20200208_2517320.html,,,,2020/4/24 11:00,手动,莫纯谊,是,2020/4/24 13:00,比对,莫纯谊,完成,,,,,,,
78,省级,2020/2/8 0:00,2020/2/8 12:00,中国,山东省,济宁市,嘉祥县,,,,,1,,,,,,http://wsjkw.shandong.gov.cn/wzxxgk/zwgg/202002/t20200208_2517320.html,2020/4/25 9:00,2020年2月8日0-12时，山东省报告新型冠状病毒感染的肺炎新增确诊病例9例，累计确诊病例416例(含重症病例25例，危重症病例7例，出院42例，无死亡病例);新增疑似病例17例，现有疑似病例102例。截至目前，追踪到密切接触者12319人，已解除医学观察7139人，诊断为疑似或确诊205例，尚有5052人正在接受医学观察。,http://wsjkw.shandong.gov.cn/wzxxgk/zwgg/202002/t20200208_2517321.html,,,,2020/4/25 11:00,手动,莫纯谊,是,2020/4/25 13:00,比对,莫纯谊,完成,,,,,,,
79,省级,2020/2/8 0:00,2020/2/8 12:00,中国,山东省,济宁市,汶上县,,,,,1,,,,,,http://wsjkw.shandong.gov.cn/wzxxgk/zwgg/202002/t20200208_2517321.html,2020/4/26 9:00,2020年2月8日0-12时，山东省报告新型冠状病毒感染的肺炎新增确诊病例9例，累计确诊病例416例(含重症病例25例，危重症病例7例，出院42例，无死亡病例);新增疑似病例17例，现有疑似病例102例。截至目前，追踪到密切接触者12319人，已解除医学观察7139人，诊断为疑似或确诊205例，尚有5053人正在接受医学观察。,http://wsjkw.shandong.gov.cn/wzxxgk/zwgg/202002/t20200208_2517322.html,,,,2020/4/26 11:00,手动,莫纯谊,是,2020/4/26 13:00,比对,莫纯谊,完成,,,,,,,
80,省级,2020/2/8 0:00,2020/2/8 12:00,中国,山东省,济宁市,泗水县,,,,,,,,,,,http://wsjkw.shandong.gov.cn/wzxxgk/zwgg/202002/t20200208_2517322.html,2020/4/27 9:00,2020年2月8日0-12时，山东省报告新型冠状病毒感染的肺炎新增确诊病例9例，累计确诊病例416例(含重症病例25例，危重症病例7例，出院42例，无死亡病例);新增疑似病例17例，现有疑似病例102例。截至目前，追踪到密切接触者12319人，已解除医学观察7139人，诊断为疑似或确诊205例，尚有5054人正在接受医学观察。,http://wsjkw.shandong.gov.cn/wzxxgk/zwgg/202002/t20200208_2517323.html,,,,2020/4/27 11:00,手动,莫纯谊,是,2020/4/27 13:00,比对,莫纯谊,完成,,,,,,,
81,省级,2020/2/8 0:00,2020/2/8 12:00,中国,山东省,济宁市,梁山县,,,,,,,,,,,http://wsjkw.shandong.gov.cn/wzxxgk/zwgg/202002/t20200208_2517323.html,2020/4/28 9:00,2020年2月8日0-12时，山东省报告新型冠状病毒感染的肺炎新增确诊病例9例，累计确诊病例416例(含重症病例25例，危重症病例7例，出院42例，无死亡病例);新增疑似病例17例，现有疑似病例102例。截至目前，追踪到密切接触者12319人，已解除医学观察7139人，诊断为疑似或确诊205例，尚有5055人正在接受医学观察。,http://wsjkw.shandong.gov.cn/wzxxgk/zwgg/202002/t20200208_2517324.html,,,,2020/4/28 11:00,手动,莫纯谊,是,2020/4/28 13:00,比对,莫纯谊,完成,,,,,,,
82,省级,2020/2/8 0:00,2020/2/8 12:00,中国,山东省,济宁市,曲阜市,,,,,12,,,,,,http://wsjkw.shandong.gov.cn/wzxxgk/zwgg/202002/t20200208_2517324.html,2020/4/29 9:00,2020年2月8日0-12时，山东省报告新型冠状病毒感染的肺炎新增确诊病例9例，累计确诊病例416例(含重症病例25例，危重症病例7例，出院42例，无死亡病例);新增疑似病例17例，现有疑似病例102例。截至目前，追踪到密切接触者12319人，已解除医学观察7139人，诊断为疑似或确诊205例，尚有5056人正在接受医学观察。,http://wsjkw.shandong.gov.cn/wzxxgk/zwgg/202002/t20200208_2517325.html,,,,2020/4/29 11:00,手动,莫纯谊,是,2020/4/29 13:00,比对,莫纯谊,完成,,,,,,,
83,省级,2020/2/8 0:00,2020/2/8 12:00,中国,山东省,济宁市,邹城市,,,,,1,,,,,,http://wsjkw.shandong.gov.cn/wzxxgk/zwgg/202002/t20200208_2517325.html,2020/4/30 9:00,2020年2月8日0-12时，山东省报告新型冠状病毒感染的肺炎新增确诊病例9例，累计确诊病例416例(含重症病例25例，危重症病例7例，出院42例，无死亡病例);新增疑似病例17例，现有疑似病例102例。截至目前，追踪到密切接触者12319人，已解除医学观察7139人，诊断为疑似或确诊205例，尚有5057人正在接受医学观察。,http://wsjkw.shandong.gov.cn/wzxxgk/zwgg/202002/t20200208_2517326.html,,,,2020/4/30 11:00,手动,莫纯谊,是,2020/4/30 13:00,比对,莫纯谊,完成,,,,,,,
84,省级,2020/2/8 0:00,2020/2/8 12:00,中国,山东省,济宁市,,,1,1,,38,5,8,,,,http://wsjkw.shandong.gov.cn/wzxxgk/zwgg/202002/t20200208_2517326.html,2020/5/1 9:00,2020年2月8日0-12时，山东省报告新型冠状病毒感染的肺炎新增确诊病例9例，累计确诊病例416例(含重症病例25例，危重症病例7例，出院42例，无死亡病例);新增疑似病例17例，现有疑似病例102例。截至目前，追踪到密切接触者12319人，已解除医学观察7139人，诊断为疑似或确诊205例，尚有5058人正在接受医学观察。,http://wsjkw.shandong.gov.cn/wzxxgk/zwgg/202002/t20200208_2517327.html,,,,2020/5/1 11:00,手动,莫纯谊,是,2020/5/1 13:00,比对,莫纯谊,完成,,,,,,,
85,省级,2020/2/8 0:00,2020/2/8 12:00,中国,山东省,泰安市,泰山区,,,,,11,,,,,,http://wsjkw.shandong.gov.cn/wzxxgk/zwgg/202002/t20200208_2517327.html,2020/5/2 9:00,2020年2月8日0-12时，山东省报告新型冠状病毒感染的肺炎新增确诊病例9例，累计确诊病例416例(含重症病例25例，危重症病例7例，出院42例，无死亡病例);新增疑似病例17例，现有疑似病例102例。截至目前，追踪到密切接触者12319人，已解除医学观察7139人，诊断为疑似或确诊205例，尚有5059人正在接受医学观察。,http://wsjkw.shandong.gov.cn/wzxxgk/zwgg/202002/t20200208_2517328.html,,,,2020/5/2 11:00,手动,莫纯谊,是,2020/5/2 13:00,比对,莫纯谊,完成,,,,,,,
86,省级,2020/2/8 0:00,2020/2/8 12:00,中国,山东省,泰安市,岱岳区,,,,,1,,,,,,http://wsjkw.shandong.gov.cn/wzxxgk/zwgg/202002/t20200208_2517328.html,2020/5/3 9:00,2020年2月8日0-12时，山东省报告新型冠状病毒感染的肺炎新增确诊病例9例，累计确诊病例416例(含重症病例25例，危重症病例7例，出院42例，无死亡病例);新增疑似病例17例，现有疑似病例102例。截至目前，追踪到密切接触者12319人，已解除医学观察7139人，诊断为疑似或确诊205例，尚有5060人正在接受医学观察。,http://wsjkw.shandong.gov.cn/wzxxgk/zwgg/202002/t20200208_2517329.html,,,,2020/5/3 11:00,手动,莫纯谊,是,2020/5/3 13:00,比对,莫纯谊,完成,,,,,,,
87,省级,2020/2/8 0:00,2020/2/8 12:00,中国,山东省,泰安市,宁阳县,,,,,,,,,,,http://wsjkw.shandong.gov.cn/wzxxgk/zwgg/202002/t20200208_2517329.html,2020/5/4 9:00,2020年2月8日0-12时，山东省报告新型冠状病毒感染的肺炎新增确诊病例9例，累计确诊病例416例(含重症病例25例，危重症病例7例，出院42例，无死亡病例);新增疑似病例17例，现有疑似病例102例。截至目前，追踪到密切接触者12319人，已解除医学观察7139人，诊断为疑似或确诊205例，尚有5061人正在接受医学观察。,http://wsjkw.shandong.gov.cn/wzxxgk/zwgg/202002/t20200208_2517330.html,,,,2020/5/4 11:00,手动,莫纯谊,是,2020/5/4 13:00,比对,莫纯谊,完成,,,,,,,
88,省级,2020/2/8 0:00,2020/2/8 12:00,中国,山东省,泰安市,东平县,,,,,2,,,,,,http://wsjkw.shandong.gov.cn/wzxxgk/zwgg/202002/t20200208_2517330.html,2020/5/5 9:00,2020年2月8日0-12时，山东省报告新型冠状病毒感染的肺炎新增确诊病例9例，累计确诊病例416例(含重症病例25例，危重症病例7例，出院42例，无死亡病例);新增疑似病例17例，现有疑似病例102例。截至目前，追踪到密切接触者12319人，已解除医学观察7139人，诊断为疑似或确诊205例，尚有5062人正在接受医学观察。,http://wsjkw.shandong.gov.cn/wzxxgk/zwgg/202002/t20200208_2517331.html,,,,2020/5/5 11:00,手动,莫纯谊,是,2020/5/5 13:00,比对,莫纯谊,完成,,,,,,,
89,省级,2020/2/8 0:00,2020/2/8 12:00,中国,山东省,泰安市,新泰市,,,,,4,,,,,,http://wsjkw.shandong.gov.cn/wzxxgk/zwgg/202002/t20200208_2517331.html,2020/5/6 9:00,2020年2月8日0-12时，山东省报告新型冠状病毒感染的肺炎新增确诊病例9例，累计确诊病例416例(含重症病例25例，危重症病例7例，出院42例，无死亡病例);新增疑似病例17例，现有疑似病例102例。截至目前，追踪到密切接触者12319人，已解除医学观察7139人，诊断为疑似或确诊205例，尚有5063人正在接受医学观察。,http://wsjkw.shandong.gov.cn/wzxxgk/zwgg/202002/t20200208_2517332.html,,,,2020/5/6 11:00,手动,莫纯谊,是,2020/5/6 13:00,比对,莫纯谊,完成,,,,,,,
90,省级,2020/2/8 0:00,2020/2/8 12:00,中国,山东省,泰安市,肥城市,,,,,2,,,,,,http://wsjkw.shandong.gov.cn/wzxxgk/zwgg/202002/t20200208_2517332.html,2020/5/7 9:00,2020年2月8日0-12时，山东省报告新型冠状病毒感染的肺炎新增确诊病例9例，累计确诊病例416例(含重症病例25例，危重症病例7例，出院42例，无死亡病例);新增疑似病例17例，现有疑似病例102例。截至目前，追踪到密切接触者12319人，已解除医学观察7139人，诊断为疑似或确诊205例，尚有5064人正在接受医学观察。,http://wsjkw.shandong.gov.cn/wzxxgk/zwgg/202002/t20200208_2517333.html,,,,2020/5/7 11:00,手动,莫纯谊,是,2020/5/7 13:00,比对,莫纯谊,完成,,,,,,,
91,省级,2020/2/8 0:00,2020/2/8 12:00,中国,山东省,泰安市,,,,,,20,5,1,,,,http://wsjkw.shandong.gov.cn/wzxxgk/zwgg/202002/t20200208_2517333.html,2020/5/8 9:00,2020年2月8日0-12时，山东省报告新型冠状病毒感染的肺炎新增确诊病例9例，累计确诊病例416例(含重症病例25例，危重症病例7例，出院42例，无死亡病例);新增疑似病例17例，现有疑似病例102例。截至目前，追踪到密切接触者12319人，已解除医学观察7139人，诊断为疑似或确诊205例，尚有5065人正在接受医学观察。,http://wsjkw.shandong.gov.cn/wzxxgk/zwgg/202002/t20200208_2517334.html,,,,2020/5/8 11:00,手动,莫纯谊,是,2020/5/8 13:00,比对,莫纯谊,完成,,,,,,,
92,省级,2020/2/8 0:00,2020/2/8 12:00,中国,山东省,威海市,环翠区,,,,,19,,,,,,http://wsjkw.shandong.gov.cn/wzxxgk/zwgg/202002/t20200208_2517334.html,2020/5/9 9:00,2020年2月8日0-12时，山东省报告新型冠状病毒感染的肺炎新增确诊病例9例，累计确诊病例416例(含重症病例25例，危重症病例7例，出院42例，无死亡病例);新增疑似病例17例，现有疑似病例102例。截至目前，追踪到密切接触者12319人，已解除医学观察7139人，诊断为疑似或确诊205例，尚有5066人正在接受医学观察。,http://wsjkw.shandong.gov.cn/wzxxgk/zwgg/202002/t20200208_2517335.html,,,,2020/5/9 11:00,手动,莫纯谊,是,2020/5/9 13:00,比对,莫纯谊,完成,,,,,,,
93,省级,2020/2/8 0:00,2020/2/8 12:00,中国,山东省,威海市,文登区,,,,,6,,,,,,http://wsjkw.shandong.gov.cn/wzxxgk/zwgg/202002/t20200208_2517335.html,2020/5/10 9:00,2020年2月8日0-12时，山东省报告新型冠状病毒感染的肺炎新增确诊病例9例，累计确诊病例416例(含重症病例25例，危重症病例7例，出院42例，无死亡病例);新增疑似病例17例，现有疑似病例102例。截至目前，追踪到密切接触者12319人，已解除医学观察7139人，诊断为疑似或确诊205例，尚有5067人正在接受医学观察。,http://wsjkw.shandong.gov.cn/wzxxgk/zwgg/202002/t20200208_2517336.html,,,,2020/5/10 11:00,手动,莫纯谊,是,2020/5/10 13:00,比对,莫纯谊,完成,,,,,,,
94,省级,2020/2/8 0:00,2020/2/8 12:00,中国,山东省,威海市,荣成市,,,,,1,,,,,,http://wsjkw.shandong.gov.cn/wzxxgk/zwgg/202002/t20200208_2517336.html,2020/5/11 9:00,2020年2月8日0-12时，山东省报告新型冠状病毒感染的肺炎新增确诊病例9例，累计确诊病例416例(含重症病例25例，危重症病例7例，出院42例，无死亡病例);新增疑似病例17例，现有疑似病例102例。截至目前，追踪到密切接触者12319人，已解除医学观察7139人，诊断为疑似或确诊205例，尚有5068人正在接受医学观察。,http://wsjkw.shandong.gov.cn/wzxxgk/zwgg/202002/t20200208_2517337.html,,,,2020/5/11 11:00,手动,莫纯谊,是,2020/5/11 13:00,比对,莫纯谊,完成,,,,,,,
95,省级,2020/2/8 0:00,2020/2/8 12:00,中国,山东省,威海市,乳山市,,,,,7,,,,,,http://wsjkw.shandong.gov.cn/wzxxgk/zwgg/202002/t20200208_2517337.html,2020/5/12 9:00,2020年2月8日0-12时，山东省报告新型冠状病毒感染的肺炎新增确诊病例9例，累计确诊病例416例(含重症病例25例，危重症病例7例，出院42例，无死亡病例);新增疑似病例17例，现有疑似病例102例。截至目前，追踪到密切接触者12319人，已解除医学观察7139人，诊断为疑似或确诊205例，尚有5069人正在接受医学观察。,http://wsjkw.shandong.gov.cn/wzxxgk/zwgg/202002/t20200208_2517338.html,,,,2020/5/12 11:00,手动,莫纯谊,是,2020/5/12 13:00,比对,莫纯谊,完成,,,,,,,
96,省级,2020/2/8 0:00,2020/2/8 12:00,中国,山东省,威海市,,1,,,,33,,5,,,,http://wsjkw.shandong.gov.cn/wzxxgk/zwgg/202002/t20200208_2517338.html,2020/5/13 9:00,2020年2月8日0-12时，山东省报告新型冠状病毒感染的肺炎新增确诊病例9例，累计确诊病例416例(含重症病例25例，危重症病例7例，出院42例，无死亡病例);新增疑似病例17例，现有疑似病例102例。截至目前，追踪到密切接触者12319人，已解除医学观察7139人，诊断为疑似或确诊205例，尚有5070人正在接受医学观察。,http://wsjkw.shandong.gov.cn/wzxxgk/zwgg/202002/t20200208_2517339.html,,,,2020/5/13 11:00,手动,莫纯谊,是,2020/5/13 13:00,比对,莫纯谊,完成,,,,,,,
97,省级,2020/2/8 0:00,2020/2/8 12:00,中国,山东省,日照市,东港区,,,,,11,,,,,,http://wsjkw.shandong.gov.cn/wzxxgk/zwgg/202002/t20200208_2517339.html,2020/5/14 9:00,2020年2月8日0-12时，山东省报告新型冠状病毒感染的肺炎新增确诊病例9例，累计确诊病例416例(含重症病例25例，危重症病例7例，出院42例，无死亡病例);新增疑似病例17例，现有疑似病例102例。截至目前，追踪到密切接触者12319人，已解除医学观察7139人，诊断为疑似或确诊205例，尚有5071人正在接受医学观察。,http://wsjkw.shandong.gov.cn/wzxxgk/zwgg/202002/t20200208_2517340.html,,,,2020/5/14 11:00,手动,莫纯谊,是,2020/5/14 13:00,比对,莫纯谊,完成,,,,,,,
98,省级,2020/2/8 0:00,2020/2/8 12:00,中国,山东省,日照市,岚山区,,,,,2,,,,,,http://wsjkw.shandong.gov.cn/wzxxgk/zwgg/202002/t20200208_2517340.html,2020/5/15 9:00,2020年2月8日0-12时，山东省报告新型冠状病毒感染的肺炎新增确诊病例9例，累计确诊病例416例(含重症病例25例，危重症病例7例，出院42例，无死亡病例);新增疑似病例17例，现有疑似病例102例。截至目前，追踪到密切接触者12319人，已解除医学观察7139人，诊断为疑似或确诊205例，尚有5072人正在接受医学观察。,http://wsjkw.shandong.gov.cn/wzxxgk/zwgg/202002/t20200208_2517341.html,,,,2020/5/15 11:00,手动,莫纯谊,是,2020/5/15 13:00,比对,莫纯谊,完成,,,,,,,
99,省级,2020/2/8 0:00,2020/2/8 12:00,中国,山东省,日照市,五莲县,,,,,2,,,,,,http://wsjkw.shandong.gov.cn/wzxxgk/zwgg/202002/t20200208_2517341.html,2020/5/16 9:00,2020年2月8日0-12时，山东省报告新型冠状病毒感染的肺炎新增确诊病例9例，累计确诊病例416例(含重症病例25例，危重症病例7例，出院42例，无死亡病例);新增疑似病例17例，现有疑似病例102例。截至目前，追踪到密切接触者12319人，已解除医学观察7139人，诊断为疑似或确诊205例，尚有5073人正在接受医学观察。,http://wsjkw.shandong.gov.cn/wzxxgk/zwgg/202002/t20200208_2517342.html,,,,2020/5/16 11:00,手动,莫纯谊,是,2020/5/16 13:00,比对,莫纯谊,完成,,,,,,,
100,省级,2020/2/8 0:00,2020/2/8 12:00,中国,山东省,日照市,莒县,,,,,,,,,,,http://wsjkw.shandong.gov.cn/wzxxgk/zwgg/202002/t20200208_2517342.html,2020/5/17 9:00,2020年2月8日0-12时，山东省报告新型冠状病毒感染的肺炎新增确诊病例9例，累计确诊病例416例(含重症病例25例，危重症病例7例，出院42例，无死亡病例);新增疑似病例17例，现有疑似病例102例。截至目前，追踪到密切接触者12319人，已解除医学观察7139人，诊断为疑似或确诊205例，尚有5074人正在接受医学观察。,http://wsjkw.shandong.gov.cn/wzxxgk/zwgg/202002/t20200208_2517343.html,,,,2020/5/17 11:00,手动,莫纯谊,是,2020/5/17 13:00,比对,莫纯谊,完成,,,,,,,
101,省级,2020/2/8 0:00,2020/2/8 12:00,中国,山东省,日照市,,1,,,,15,,2,,,,http://wsjkw.shandong.gov.cn/wzxxgk/zwgg/202002/t20200208_2517343.html,2020/5/18 9:00,2020年2月8日0-12时，山东省报告新型冠状病毒感染的肺炎新增确诊病例9例，累计确诊病例416例(含重症病例25例，危重症病例7例，出院42例，无死亡病例);新增疑似病例17例，现有疑似病例102例。截至目前，追踪到密切接触者12319人，已解除医学观察7139人，诊断为疑似或确诊205例，尚有5075人正在接受医学观察。,http://wsjkw.shandong.gov.cn/wzxxgk/zwgg/202002/t20200208_2517344.html,,,,2020/5/18 11:00,手动,莫纯谊,是,2020/5/18 13:00,比对,莫纯谊,完成,,,,,,,
102,省级,2020/2/8 0:00,2020/2/8 12:00,中国,山东省,临沂市,兰山区,,,,,9,,,,,,http://wsjkw.shandong.gov.cn/wzxxgk/zwgg/202002/t20200208_2517344.html,2020/5/19 9:00,2020年2月8日0-12时，山东省报告新型冠状病毒感染的肺炎新增确诊病例9例，累计确诊病例416例(含重症病例25例，危重症病例7例，出院42例，无死亡病例);新增疑似病例17例，现有疑似病例102例。截至目前，追踪到密切接触者12319人，已解除医学观察7139人，诊断为疑似或确诊205例，尚有5076人正在接受医学观察。,http://wsjkw.shandong.gov.cn/wzxxgk/zwgg/202002/t20200208_2517345.html,,,,2020/5/19 11:00,手动,莫纯谊,是,2020/5/19 13:00,比对,莫纯谊,完成,,,,,,,
103,省级,2020/2/8 0:00,2020/2/8 12:00,中国,山东省,临沂市,罗庄区,,,,,,,,,,,http://wsjkw.shandong.gov.cn/wzxxgk/zwgg/202002/t20200208_2517345.html,2020/5/20 9:00,2020年2月8日0-12时，山东省报告新型冠状病毒感染的肺炎新增确诊病例9例，累计确诊病例416例(含重症病例25例，危重症病例7例，出院42例，无死亡病例);新增疑似病例17例，现有疑似病例102例。截至目前，追踪到密切接触者12319人，已解除医学观察7139人，诊断为疑似或确诊205例，尚有5077人正在接受医学观察。,http://wsjkw.shandong.gov.cn/wzxxgk/zwgg/202002/t20200208_2517346.html,,,,2020/5/20 11:00,手动,莫纯谊,是,2020/5/20 13:00,比对,莫纯谊,完成,,,,,,,
104,省级,2020/2/8 0:00,2020/2/8 12:00,中国,山东省,临沂市,河东区,,,,,10,,,,,,http://wsjkw.shandong.gov.cn/wzxxgk/zwgg/202002/t20200208_2517346.html,2020/5/21 9:00,2020年2月8日0-12时，山东省报告新型冠状病毒感染的肺炎新增确诊病例9例，累计确诊病例416例(含重症病例25例，危重症病例7例，出院42例，无死亡病例);新增疑似病例17例，现有疑似病例102例。截至目前，追踪到密切接触者12319人，已解除医学观察7139人，诊断为疑似或确诊205例，尚有5078人正在接受医学观察。,http://wsjkw.shandong.gov.cn/wzxxgk/zwgg/202002/t20200208_2517347.html,,,,2020/5/21 11:00,手动,莫纯谊,是,2020/5/21 13:00,比对,莫纯谊,完成,,,,,,,
105,省级,2020/2/8 0:00,2020/2/8 12:00,中国,山东省,临沂市,沂南县,,,,,4,,,,,,http://wsjkw.shandong.gov.cn/wzxxgk/zwgg/202002/t20200208_2517347.html,2020/5/22 9:00,2020年2月8日0-12时，山东省报告新型冠状病毒感染的肺炎新增确诊病例9例，累计确诊病例416例(含重症病例25例，危重症病例7例，出院42例，无死亡病例);新增疑似病例17例，现有疑似病例102例。截至目前，追踪到密切接触者12319人，已解除医学观察7139人，诊断为疑似或确诊205例，尚有5079人正在接受医学观察。,http://wsjkw.shandong.gov.cn/wzxxgk/zwgg/202002/t20200208_2517348.html,,,,2020/5/22 11:00,手动,莫纯谊,是,2020/5/22 13:00,比对,莫纯谊,完成,,,,,,,
106,省级,2020/2/8 0:00,2020/2/8 12:00,中国,山东省,临沂市,郯城县,,,,,2,,,,,,http://wsjkw.shandong.gov.cn/wzxxgk/zwgg/202002/t20200208_2517348.html,2020/5/23 9:00,2020年2月8日0-12时，山东省报告新型冠状病毒感染的肺炎新增确诊病例9例，累计确诊病例416例(含重症病例25例，危重症病例7例，出院42例，无死亡病例);新增疑似病例17例，现有疑似病例102例。截至目前，追踪到密切接触者12319人，已解除医学观察7139人，诊断为疑似或确诊205例，尚有5080人正在接受医学观察。,http://wsjkw.shandong.gov.cn/wzxxgk/zwgg/202002/t20200208_2517349.html,,,,2020/5/23 11:00,手动,莫纯谊,是,2020/5/23 13:00,比对,莫纯谊,完成,,,,,,,
107,省级,2020/2/8 0:00,2020/2/8 12:00,中国,山东省,临沂市,沂水县,,,,,3,,,,,,http://wsjkw.shandong.gov.cn/wzxxgk/zwgg/202002/t20200208_2517349.html,2020/5/24 9:00,2020年2月8日0-12时，山东省报告新型冠状病毒感染的肺炎新增确诊病例9例，累计确诊病例416例(含重症病例25例，危重症病例7例，出院42例，无死亡病例);新增疑似病例17例，现有疑似病例102例。截至目前，追踪到密切接触者12319人，已解除医学观察7139人，诊断为疑似或确诊205例，尚有5081人正在接受医学观察。,http://wsjkw.shandong.gov.cn/wzxxgk/zwgg/202002/t20200208_2517350.html,,,,2020/5/24 11:00,手动,莫纯谊,是,2020/5/24 13:00,比对,莫纯谊,完成,,,,,,,
108,省级,2020/2/8 0:00,2020/2/8 12:00,中国,山东省,临沂市,兰陵县,,,,,1,,,,,,http://wsjkw.shandong.gov.cn/wzxxgk/zwgg/202002/t20200208_2517350.html,2020/5/25 9:00,2020年2月8日0-12时，山东省报告新型冠状病毒感染的肺炎新增确诊病例9例，累计确诊病例416例(含重症病例25例，危重症病例7例，出院42例，无死亡病例);新增疑似病例17例，现有疑似病例102例。截至目前，追踪到密切接触者12319人，已解除医学观察7139人，诊断为疑似或确诊205例，尚有5082人正在接受医学观察。,http://wsjkw.shandong.gov.cn/wzxxgk/zwgg/202002/t20200208_2517351.html,,,,2020/5/25 11:00,手动,莫纯谊,是,2020/5/25 13:00,比对,莫纯谊,完成,,,,,,,
109,省级,2020/2/8 0:00,2020/2/8 12:00,中国,山东省,临沂市,费县,,,,,3,,,,,,http://wsjkw.shandong.gov.cn/wzxxgk/zwgg/202002/t20200208_2517351.html,2020/5/26 9:00,2020年2月8日0-12时，山东省报告新型冠状病毒感染的肺炎新增确诊病例9例，累计确诊病例416例(含重症病例25例，危重症病例7例，出院42例，无死亡病例);新增疑似病例17例，现有疑似病例102例。截至目前，追踪到密切接触者12319人，已解除医学观察7139人，诊断为疑似或确诊205例，尚有5083人正在接受医学观察。,http://wsjkw.shandong.gov.cn/wzxxgk/zwgg/202002/t20200208_2517352.html,,,,2020/5/26 11:00,手动,莫纯谊,是,2020/5/26 13:00,比对,莫纯谊,完成,,,,,,,
110,省级,2020/2/8 0:00,2020/2/8 12:00,中国,山东省,临沂市,平邑县,,,,,2,,,,,,http://wsjkw.shandong.gov.cn/wzxxgk/zwgg/202002/t20200208_2517352.html,2020/5/27 9:00,2020年2月8日0-12时，山东省报告新型冠状病毒感染的肺炎新增确诊病例9例，累计确诊病例416例(含重症病例25例，危重症病例7例，出院42例，无死亡病例);新增疑似病例17例，现有疑似病例102例。截至目前，追踪到密切接触者12319人，已解除医学观察7139人，诊断为疑似或确诊205例，尚有5084人正在接受医学观察。,http://wsjkw.shandong.gov.cn/wzxxgk/zwgg/202002/t20200208_2517353.html,,,,2020/5/27 11:00,手动,莫纯谊,是,2020/5/27 13:00,比对,莫纯谊,完成,,,,,,,
111,省级,2020/2/8 0:00,2020/2/8 12:00,中国,山东省,临沂市,莒南县,,,,,4,,,,,,http://wsjkw.shandong.gov.cn/wzxxgk/zwgg/202002/t20200208_2517353.html,2020/5/28 9:00,2020年2月8日0-12时，山东省报告新型冠状病毒感染的肺炎新增确诊病例9例，累计确诊病例416例(含重症病例25例，危重症病例7例，出院42例，无死亡病例);新增疑似病例17例，现有疑似病例102例。截至目前，追踪到密切接触者12319人，已解除医学观察7139人，诊断为疑似或确诊205例，尚有5085人正在接受医学观察。,http://wsjkw.shandong.gov.cn/wzxxgk/zwgg/202002/t20200208_2517354.html,,,,2020/5/28 11:00,手动,莫纯谊,是,2020/5/28 13:00,比对,莫纯谊,完成,,,,,,,
112,省级,2020/2/8 0:00,2020/2/8 12:00,中国,山东省,临沂市,蒙阴县,,,,,,,,,,,http://wsjkw.shandong.gov.cn/wzxxgk/zwgg/202002/t20200208_2517354.html,2020/5/29 9:00,2020年2月8日0-12时，山东省报告新型冠状病毒感染的肺炎新增确诊病例9例，累计确诊病例416例(含重症病例25例，危重症病例7例，出院42例，无死亡病例);新增疑似病例17例，现有疑似病例102例。截至目前，追踪到密切接触者12319人，已解除医学观察7139人，诊断为疑似或确诊205例，尚有5086人正在接受医学观察。,http://wsjkw.shandong.gov.cn/wzxxgk/zwgg/202002/t20200208_2517355.html,,,,2020/5/29 11:00,手动,莫纯谊,是,2020/5/29 13:00,比对,莫纯谊,完成,,,,,,,
113,省级,2020/2/8 0:00,2020/2/8 12:00,中国,山东省,临沂市,临沭县,,,,,2,,,,,,http://wsjkw.shandong.gov.cn/wzxxgk/zwgg/202002/t20200208_2517355.html,2020/5/30 9:00,2020年2月8日0-12时，山东省报告新型冠状病毒感染的肺炎新增确诊病例9例，累计确诊病例416例(含重症病例25例，危重症病例7例，出院42例，无死亡病例);新增疑似病例17例，现有疑似病例102例。截至目前，追踪到密切接触者12319人，已解除医学观察7139人，诊断为疑似或确诊205例，尚有5087人正在接受医学观察。,http://wsjkw.shandong.gov.cn/wzxxgk/zwgg/202002/t20200208_2517356.html,,,,2020/5/30 11:00,手动,莫纯谊,是,2020/5/30 13:00,比对,莫纯谊,完成,,,,,,,
114,省级,2020/2/8 0:00,2020/2/8 12:00,中国,山东省,临沂市,,2,,,,40,5,3,,,,http://wsjkw.shandong.gov.cn/wzxxgk/zwgg/202002/t20200208_2517356.html,2020/5/31 9:00,2020年2月8日0-12时，山东省报告新型冠状病毒感染的肺炎新增确诊病例9例，累计确诊病例416例(含重症病例25例，危重症病例7例，出院42例，无死亡病例);新增疑似病例17例，现有疑似病例102例。截至目前，追踪到密切接触者12319人，已解除医学观察7139人，诊断为疑似或确诊205例，尚有5088人正在接受医学观察。,http://wsjkw.shandong.gov.cn/wzxxgk/zwgg/202002/t20200208_2517357.html,,,,2020/5/31 11:00,手动,莫纯谊,是,2020/5/31 13:00,比对,莫纯谊,完成,,,,,,,
115,省级,2020/2/8 0:00,2020/2/8 12:00,中国,山东省,德州市,德城区,,,,,8,,,,,,http://wsjkw.shandong.gov.cn/wzxxgk/zwgg/202002/t20200208_2517357.html,2020/6/1 9:00,2020年2月8日0-12时，山东省报告新型冠状病毒感染的肺炎新增确诊病例9例，累计确诊病例416例(含重症病例25例，危重症病例7例，出院42例，无死亡病例);新增疑似病例17例，现有疑似病例102例。截至目前，追踪到密切接触者12319人，已解除医学观察7139人，诊断为疑似或确诊205例，尚有5089人正在接受医学观察。,http://wsjkw.shandong.gov.cn/wzxxgk/zwgg/202002/t20200208_2517358.html,,,,2020/6/1 11:00,手动,莫纯谊,是,2020/6/1 13:00,比对,莫纯谊,完成,,,,,,,
116,省级,2020/2/8 0:00,2020/2/8 12:00,中国,山东省,德州市,陵城区,,,,,,,,,,,http://wsjkw.shandong.gov.cn/wzxxgk/zwgg/202002/t20200208_2517358.html,2020/6/2 9:00,2020年2月8日0-12时，山东省报告新型冠状病毒感染的肺炎新增确诊病例9例，累计确诊病例416例(含重症病例25例，危重症病例7例，出院42例，无死亡病例);新增疑似病例17例，现有疑似病例102例。截至目前，追踪到密切接触者12319人，已解除医学观察7139人，诊断为疑似或确诊205例，尚有5090人正在接受医学观察。,http://wsjkw.shandong.gov.cn/wzxxgk/zwgg/202002/t20200208_2517359.html,,,,2020/6/2 11:00,手动,莫纯谊,是,2020/6/2 13:00,比对,莫纯谊,完成,,,,,,,
117,省级,2020/2/8 0:00,2020/2/8 12:00,中国,山东省,德州市,宁津县,,,,,3,,,,,,http://wsjkw.shandong.gov.cn/wzxxgk/zwgg/202002/t20200208_2517359.html,2020/6/3 9:00,2020年2月8日0-12时，山东省报告新型冠状病毒感染的肺炎新增确诊病例9例，累计确诊病例416例(含重症病例25例，危重症病例7例，出院42例，无死亡病例);新增疑似病例17例，现有疑似病例102例。截至目前，追踪到密切接触者12319人，已解除医学观察7139人，诊断为疑似或确诊205例，尚有5091人正在接受医学观察。,http://wsjkw.shandong.gov.cn/wzxxgk/zwgg/202002/t20200208_2517360.html,,,,2020/6/3 11:00,手动,莫纯谊,是,2020/6/3 13:00,比对,莫纯谊,完成,,,,,,,
118,省级,2020/2/8 0:00,2020/2/8 12:00,中国,山东省,德州市,庆云县,,,,,2,,,,,,http://wsjkw.shandong.gov.cn/wzxxgk/zwgg/202002/t20200208_2517360.html,2020/6/4 9:00,2020年2月8日0-12时，山东省报告新型冠状病毒感染的肺炎新增确诊病例9例，累计确诊病例416例(含重症病例25例，危重症病例7例，出院42例，无死亡病例);新增疑似病例17例，现有疑似病例102例。截至目前，追踪到密切接触者12319人，已解除医学观察7139人，诊断为疑似或确诊205例，尚有5092人正在接受医学观察。,http://wsjkw.shandong.gov.cn/wzxxgk/zwgg/202002/t20200208_2517361.html,,,,2020/6/4 11:00,手动,莫纯谊,是,2020/6/4 13:00,比对,莫纯谊,完成,,,,,,,
119,省级,2020/2/8 0:00,2020/2/8 12:00,中国,山东省,德州市,临邑县,,,,,,,,,,,http://wsjkw.shandong.gov.cn/wzxxgk/zwgg/202002/t20200208_2517361.html,2020/6/5 9:00,2020年2月8日0-12时，山东省报告新型冠状病毒感染的肺炎新增确诊病例9例，累计确诊病例416例(含重症病例25例，危重症病例7例，出院42例，无死亡病例);新增疑似病例17例，现有疑似病例102例。截至目前，追踪到密切接触者12319人，已解除医学观察7139人，诊断为疑似或确诊205例，尚有5093人正在接受医学观察。,http://wsjkw.shandong.gov.cn/wzxxgk/zwgg/202002/t20200208_2517362.html,,,,2020/6/5 11:00,手动,莫纯谊,是,2020/6/5 13:00,比对,莫纯谊,完成,,,,,,,
120,省级,2020/2/8 0:00,2020/2/8 12:00,中国,山东省,德州市,齐河县,,,,,,,,,,,http://wsjkw.shandong.gov.cn/wzxxgk/zwgg/202002/t20200208_2517362.html,2020/6/6 9:00,2020年2月8日0-12时，山东省报告新型冠状病毒感染的肺炎新增确诊病例9例，累计确诊病例416例(含重症病例25例，危重症病例7例，出院42例，无死亡病例);新增疑似病例17例，现有疑似病例102例。截至目前，追踪到密切接触者12319人，已解除医学观察7139人，诊断为疑似或确诊205例，尚有5094人正在接受医学观察。,http://wsjkw.shandong.gov.cn/wzxxgk/zwgg/202002/t20200208_2517363.html,,,,2020/6/6 11:00,手动,莫纯谊,是,2020/6/6 13:00,比对,莫纯谊,完成,,,,,,,
121,省级,2020/2/8 0:00,2020/2/8 12:00,中国,山东省,德州市,平原县,,,,,,,,,,,http://wsjkw.shandong.gov.cn/wzxxgk/zwgg/202002/t20200208_2517363.html,2020/6/7 9:00,2020年2月8日0-12时，山东省报告新型冠状病毒感染的肺炎新增确诊病例9例，累计确诊病例416例(含重症病例25例，危重症病例7例，出院42例，无死亡病例);新增疑似病例17例，现有疑似病例102例。截至目前，追踪到密切接触者12319人，已解除医学观察7139人，诊断为疑似或确诊205例，尚有5095人正在接受医学观察。,http://wsjkw.shandong.gov.cn/wzxxgk/zwgg/202002/t20200208_2517364.html,,,,2020/6/7 11:00,手动,莫纯谊,是,2020/6/7 13:00,比对,莫纯谊,完成,,,,,,,
122,省级,2020/2/8 0:00,2020/2/8 12:00,中国,山东省,德州市,夏津县,,,,,,,,,,,http://wsjkw.shandong.gov.cn/wzxxgk/zwgg/202002/t20200208_2517364.html,2020/6/8 9:00,2020年2月8日0-12时，山东省报告新型冠状病毒感染的肺炎新增确诊病例9例，累计确诊病例416例(含重症病例25例，危重症病例7例，出院42例，无死亡病例);新增疑似病例17例，现有疑似病例102例。截至目前，追踪到密切接触者12319人，已解除医学观察7139人，诊断为疑似或确诊205例，尚有5096人正在接受医学观察。,http://wsjkw.shandong.gov.cn/wzxxgk/zwgg/202002/t20200208_2517365.html,,,,2020/6/8 11:00,手动,莫纯谊,是,2020/6/8 13:00,比对,莫纯谊,完成,,,,,,,
123,省级,2020/2/8 0:00,2020/2/8 12:00,中国,山东省,德州市,武城县,,,,,7,,,,,,http://wsjkw.shandong.gov.cn/wzxxgk/zwgg/202002/t20200208_2517365.html,2020/6/9 9:00,2020年2月8日0-12时，山东省报告新型冠状病毒感染的肺炎新增确诊病例9例，累计确诊病例416例(含重症病例25例，危重症病例7例，出院42例，无死亡病例);新增疑似病例17例，现有疑似病例102例。截至目前，追踪到密切接触者12319人，已解除医学观察7139人，诊断为疑似或确诊205例，尚有5097人正在接受医学观察。,http://wsjkw.shandong.gov.cn/wzxxgk/zwgg/202002/t20200208_2517366.html,,,,2020/6/9 11:00,手动,莫纯谊,是,2020/6/9 13:00,比对,莫纯谊,完成,,,,,,,
124,省级,2020/2/8 0:00,2020/2/8 12:00,中国,山东省,德州市,乐陵市,,,,,6,,,,,,http://wsjkw.shandong.gov.cn/wzxxgk/zwgg/202002/t20200208_2517366.html,2020/6/10 9:00,2020年2月8日0-12时，山东省报告新型冠状病毒感染的肺炎新增确诊病例9例，累计确诊病例416例(含重症病例25例，危重症病例7例，出院42例，无死亡病例);新增疑似病例17例，现有疑似病例102例。截至目前，追踪到密切接触者12319人，已解除医学观察7139人，诊断为疑似或确诊205例，尚有5098人正在接受医学观察。,http://wsjkw.shandong.gov.cn/wzxxgk/zwgg/202002/t20200208_2517367.html,,,,2020/6/10 11:00,手动,莫纯谊,是,2020/6/10 13:00,比对,莫纯谊,完成,,,,,,,
125,省级,2020/2/8 0:00,2020/2/8 12:00,中国,山东省,德州市,禹城市,,,,,3,,,,,,http://wsjkw.shandong.gov.cn/wzxxgk/zwgg/202002/t20200208_2517367.html,2020/6/11 9:00,2020年2月8日0-12时，山东省报告新型冠状病毒感染的肺炎新增确诊病例9例，累计确诊病例416例(含重症病例25例，危重症病例7例，出院42例，无死亡病例);新增疑似病例17例，现有疑似病例102例。截至目前，追踪到密切接触者12319人，已解除医学观察7139人，诊断为疑似或确诊205例，尚有5099人正在接受医学观察。,http://wsjkw.shandong.gov.cn/wzxxgk/zwgg/202002/t20200208_2517368.html,,,,2020/6/11 11:00,手动,莫纯谊,是,2020/6/11 13:00,比对,莫纯谊,完成,,,,,,,
126,省级,2020/2/8 0:00,2020/2/8 12:00,中国,山东省,德州市,,1,2,,,29,8,2,,,,http://wsjkw.shandong.gov.cn/wzxxgk/zwgg/202002/t20200208_2517368.html,2020/6/12 9:00,2020年2月8日0-12时，山东省报告新型冠状病毒感染的肺炎新增确诊病例9例，累计确诊病例416例(含重症病例25例，危重症病例7例，出院42例，无死亡病例);新增疑似病例17例，现有疑似病例102例。截至目前，追踪到密切接触者12319人，已解除医学观察7139人，诊断为疑似或确诊205例，尚有5100人正在接受医学观察。,http://wsjkw.shandong.gov.cn/wzxxgk/zwgg/202002/t20200208_2517369.html,,,,2020/6/12 11:00,手动,莫纯谊,是,2020/6/12 13:00,比对,莫纯谊,完成,,,,,,,
127,省级,2020/2/8 0:00,2020/2/8 12:00,中国,山东省,聊城市,东昌府区,,,,,20,,,,,,http://wsjkw.shandong.gov.cn/wzxxgk/zwgg/202002/t20200208_2517369.html,2020/6/13 9:00,2020年2月8日0-12时，山东省报告新型冠状病毒感染的肺炎新增确诊病例9例，累计确诊病例416例(含重症病例25例，危重症病例7例，出院42例，无死亡病例);新增疑似病例17例，现有疑似病例102例。截至目前，追踪到密切接触者12319人，已解除医学观察7139人，诊断为疑似或确诊205例，尚有5101人正在接受医学观察。,http://wsjkw.shandong.gov.cn/wzxxgk/zwgg/202002/t20200208_2517370.html,,,,2020/6/13 11:00,手动,莫纯谊,是,2020/6/13 13:00,比对,莫纯谊,完成,,,,,,,
128,省级,2020/2/8 0:00,2020/2/8 12:00,中国,山东省,聊城市,阳谷县,,,,,,,,,,,http://wsjkw.shandong.gov.cn/wzxxgk/zwgg/202002/t20200208_2517370.html,2020/6/14 9:00,2020年2月8日0-12时，山东省报告新型冠状病毒感染的肺炎新增确诊病例9例，累计确诊病例416例(含重症病例25例，危重症病例7例，出院42例，无死亡病例);新增疑似病例17例，现有疑似病例102例。截至目前，追踪到密切接触者12319人，已解除医学观察7139人，诊断为疑似或确诊205例，尚有5102人正在接受医学观察。,http://wsjkw.shandong.gov.cn/wzxxgk/zwgg/202002/t20200208_2517371.html,,,,2020/6/14 11:00,手动,莫纯谊,是,2020/6/14 13:00,比对,莫纯谊,完成,,,,,,,
129,省级,2020/2/8 0:00,2020/2/8 12:00,中国,山东省,聊城市,莘县,,,,,3,,,,,,http://wsjkw.shandong.gov.cn/wzxxgk/zwgg/202002/t20200208_2517371.html,2020/6/15 9:00,2020年2月8日0-12时，山东省报告新型冠状病毒感染的肺炎新增确诊病例9例，累计确诊病例416例(含重症病例25例，危重症病例7例，出院42例，无死亡病例);新增疑似病例17例，现有疑似病例102例。截至目前，追踪到密切接触者12319人，已解除医学观察7139人，诊断为疑似或确诊205例，尚有5103人正在接受医学观察。,http://wsjkw.shandong.gov.cn/wzxxgk/zwgg/202002/t20200208_2517372.html,,,,2020/6/15 11:00,手动,莫纯谊,是,2020/6/15 13:00,比对,莫纯谊,完成,,,,,,,
130,省级,2020/2/8 0:00,2020/2/8 12:00,中国,山东省,聊城市,茌平县,,,,,,,,,,,http://wsjkw.shandong.gov.cn/wzxxgk/zwgg/202002/t20200208_2517372.html,2020/6/16 9:00,2020年2月8日0-12时，山东省报告新型冠状病毒感染的肺炎新增确诊病例9例，累计确诊病例416例(含重症病例25例，危重症病例7例，出院42例，无死亡病例);新增疑似病例17例，现有疑似病例102例。截至目前，追踪到密切接触者12319人，已解除医学观察7139人，诊断为疑似或确诊205例，尚有5104人正在接受医学观察。,http://wsjkw.shandong.gov.cn/wzxxgk/zwgg/202002/t20200208_2517373.html,,,,2020/6/16 11:00,手动,莫纯谊,是,2020/6/16 13:00,比对,莫纯谊,完成,,,,,,,
131,省级,2020/2/8 0:00,2020/2/8 12:00,中国,山东省,聊城市,东阿县,,,,,2,,,,,,http://wsjkw.shandong.gov.cn/wzxxgk/zwgg/202002/t20200208_2517373.html,2020/6/17 9:00,2020年2月8日0-12时，山东省报告新型冠状病毒感染的肺炎新增确诊病例9例，累计确诊病例416例(含重症病例25例，危重症病例7例，出院42例，无死亡病例);新增疑似病例17例，现有疑似病例102例。截至目前，追踪到密切接触者12319人，已解除医学观察7139人，诊断为疑似或确诊205例，尚有5105人正在接受医学观察。,http://wsjkw.shandong.gov.cn/wzxxgk/zwgg/202002/t20200208_2517374.html,,,,2020/6/17 11:00,手动,莫纯谊,是,2020/6/17 13:00,比对,莫纯谊,完成,,,,,,,
132,省级,2020/2/8 0:00,2020/2/8 12:00,中国,山东省,聊城市,冠县,,,,,1,,,,,,http://wsjkw.shandong.gov.cn/wzxxgk/zwgg/202002/t20200208_2517374.html,2020/6/18 9:00,2020年2月8日0-12时，山东省报告新型冠状病毒感染的肺炎新增确诊病例9例，累计确诊病例416例(含重症病例25例，危重症病例7例，出院42例，无死亡病例);新增疑似病例17例，现有疑似病例102例。截至目前，追踪到密切接触者12319人，已解除医学观察7139人，诊断为疑似或确诊205例，尚有5106人正在接受医学观察。,http://wsjkw.shandong.gov.cn/wzxxgk/zwgg/202002/t20200208_2517375.html,,,,2020/6/18 11:00,手动,莫纯谊,是,2020/6/18 13:00,比对,莫纯谊,完成,,,,,,,
133,省级,2020/2/8 0:00,2020/2/8 12:00,中国,山东省,聊城市,高唐县,,,,,,,,,,,http://wsjkw.shandong.gov.cn/wzxxgk/zwgg/202002/t20200208_2517375.html,2020/6/19 9:00,2020年2月8日0-12时，山东省报告新型冠状病毒感染的肺炎新增确诊病例9例，累计确诊病例416例(含重症病例25例，危重症病例7例，出院42例，无死亡病例);新增疑似病例17例，现有疑似病例102例。截至目前，追踪到密切接触者12319人，已解除医学观察7139人，诊断为疑似或确诊205例，尚有5107人正在接受医学观察。,http://wsjkw.shandong.gov.cn/wzxxgk/zwgg/202002/t20200208_2517376.html,,,,2020/6/19 11:00,手动,莫纯谊,是,2020/6/19 13:00,比对,莫纯谊,完成,,,,,,,
134,省级,2020/2/8 0:00,2020/2/8 12:00,中国,山东省,聊城市,临清市,,,,,1,,,,,,http://wsjkw.shandong.gov.cn/wzxxgk/zwgg/202002/t20200208_2517376.html,2020/6/20 9:00,2020年2月8日0-12时，山东省报告新型冠状病毒感染的肺炎新增确诊病例9例，累计确诊病例416例(含重症病例25例，危重症病例7例，出院42例，无死亡病例);新增疑似病例17例，现有疑似病例102例。截至目前，追踪到密切接触者12319人，已解除医学观察7139人，诊断为疑似或确诊205例，尚有5108人正在接受医学观察。,http://wsjkw.shandong.gov.cn/wzxxgk/zwgg/202002/t20200208_2517377.html,,,,2020/6/20 11:00,手动,莫纯谊,是,2020/6/20 13:00,比对,莫纯谊,完成,,,,,,,
135,省级,2020/2/8 0:00,2020/2/8 12:00,中国,山东省,聊城市,,,,,,27,8,1,,,,http://wsjkw.shandong.gov.cn/wzxxgk/zwgg/202002/t20200208_2517377.html,2020/6/21 9:00,2020年2月8日0-12时，山东省报告新型冠状病毒感染的肺炎新增确诊病例9例，累计确诊病例416例(含重症病例25例，危重症病例7例，出院42例，无死亡病例);新增疑似病例17例，现有疑似病例102例。截至目前，追踪到密切接触者12319人，已解除医学观察7139人，诊断为疑似或确诊205例，尚有5109人正在接受医学观察。,http://wsjkw.shandong.gov.cn/wzxxgk/zwgg/202002/t20200208_2517378.html,,,,2020/6/21 11:00,手动,莫纯谊,是,2020/6/21 13:00,比对,莫纯谊,完成,,,,,,,
136,省级,2020/2/8 0:00,2020/2/8 12:00,中国,山东省,滨州市,滨城区,,,,,1,,,,,,http://wsjkw.shandong.gov.cn/wzxxgk/zwgg/202002/t20200208_2517378.html,2020/6/22 9:00,2020年2月8日0-12时，山东省报告新型冠状病毒感染的肺炎新增确诊病例9例，累计确诊病例416例(含重症病例25例，危重症病例7例，出院42例，无死亡病例);新增疑似病例17例，现有疑似病例102例。截至目前，追踪到密切接触者12319人，已解除医学观察7139人，诊断为疑似或确诊205例，尚有5110人正在接受医学观察。,http://wsjkw.shandong.gov.cn/wzxxgk/zwgg/202002/t20200208_2517379.html,,,,2020/6/22 11:00,手动,莫纯谊,是,2020/6/22 13:00,比对,莫纯谊,完成,,,,,,,
137,省级,2020/2/8 0:00,2020/2/8 12:00,中国,山东省,滨州市,沾化区,,,,,,,,,,,http://wsjkw.shandong.gov.cn/wzxxgk/zwgg/202002/t20200208_2517379.html,2020/6/23 9:00,2020年2月8日0-12时，山东省报告新型冠状病毒感染的肺炎新增确诊病例9例，累计确诊病例416例(含重症病例25例，危重症病例7例，出院42例，无死亡病例);新增疑似病例17例，现有疑似病例102例。截至目前，追踪到密切接触者12319人，已解除医学观察7139人，诊断为疑似或确诊205例，尚有5111人正在接受医学观察。,http://wsjkw.shandong.gov.cn/wzxxgk/zwgg/202002/t20200208_2517380.html,,,,2020/6/23 11:00,手动,莫纯谊,是,2020/6/23 13:00,比对,莫纯谊,完成,,,,,,,
138,省级,2020/2/8 0:00,2020/2/8 12:00,中国,山东省,滨州市,惠民县,,,,,3,,,,,,http://wsjkw.shandong.gov.cn/wzxxgk/zwgg/202002/t20200208_2517380.html,2020/6/24 9:00,2020年2月8日0-12时，山东省报告新型冠状病毒感染的肺炎新增确诊病例9例，累计确诊病例416例(含重症病例25例，危重症病例7例，出院42例，无死亡病例);新增疑似病例17例，现有疑似病例102例。截至目前，追踪到密切接触者12319人，已解除医学观察7139人，诊断为疑似或确诊205例，尚有5112人正在接受医学观察。,http://wsjkw.shandong.gov.cn/wzxxgk/zwgg/202002/t20200208_2517381.html,,,,2020/6/24 11:00,手动,莫纯谊,是,2020/6/24 13:00,比对,莫纯谊,完成,,,,,,,
139,省级,2020/2/8 0:00,2020/2/8 12:00,中国,山东省,滨州市,阳信县,,,,,1,,,,,,http://wsjkw.shandong.gov.cn/wzxxgk/zwgg/202002/t20200208_2517381.html,2020/6/25 9:00,2020年2月8日0-12时，山东省报告新型冠状病毒感染的肺炎新增确诊病例9例，累计确诊病例416例(含重症病例25例，危重症病例7例，出院42例，无死亡病例);新增疑似病例17例，现有疑似病例102例。截至目前，追踪到密切接触者12319人，已解除医学观察7139人，诊断为疑似或确诊205例，尚有5113人正在接受医学观察。,http://wsjkw.shandong.gov.cn/wzxxgk/zwgg/202002/t20200208_2517382.html,,,,2020/6/25 11:00,手动,莫纯谊,是,2020/6/25 13:00,比对,莫纯谊,完成,,,,,,,
140,省级,2020/2/8 0:00,2020/2/8 12:00,中国,山东省,滨州市,无棣县,,,,,,,,,,,http://wsjkw.shandong.gov.cn/wzxxgk/zwgg/202002/t20200208_2517382.html,2020/6/26 9:00,2020年2月8日0-12时，山东省报告新型冠状病毒感染的肺炎新增确诊病例9例，累计确诊病例416例(含重症病例25例，危重症病例7例，出院42例，无死亡病例);新增疑似病例17例，现有疑似病例102例。截至目前，追踪到密切接触者12319人，已解除医学观察7139人，诊断为疑似或确诊205例，尚有5114人正在接受医学观察。,http://wsjkw.shandong.gov.cn/wzxxgk/zwgg/202002/t20200208_2517383.html,,,,2020/6/26 11:00,手动,莫纯谊,是,2020/6/26 13:00,比对,莫纯谊,完成,,,,,,,
141,省级,2020/2/8 0:00,2020/2/8 12:00,中国,山东省,滨州市,博兴县,,,,,,,,,,,http://wsjkw.shandong.gov.cn/wzxxgk/zwgg/202002/t20200208_2517383.html,2020/6/27 9:00,2020年2月8日0-12时，山东省报告新型冠状病毒感染的肺炎新增确诊病例9例，累计确诊病例416例(含重症病例25例，危重症病例7例，出院42例，无死亡病例);新增疑似病例17例，现有疑似病例102例。截至目前，追踪到密切接触者12319人，已解除医学观察7139人，诊断为疑似或确诊205例，尚有5115人正在接受医学观察。,http://wsjkw.shandong.gov.cn/wzxxgk/zwgg/202002/t20200208_2517384.html,,,,2020/6/27 11:00,手动,莫纯谊,是,2020/6/27 13:00,比对,莫纯谊,完成,,,,,,,
142,省级,2020/2/8 0:00,2020/2/8 12:00,中国,山东省,滨州市,邹平市,,,,,6,,,,,,http://wsjkw.shandong.gov.cn/wzxxgk/zwgg/202002/t20200208_2517384.html,2020/6/28 9:00,2020年2月8日0-12时，山东省报告新型冠状病毒感染的肺炎新增确诊病例9例，累计确诊病例416例(含重症病例25例，危重症病例7例，出院42例，无死亡病例);新增疑似病例17例，现有疑似病例102例。截至目前，追踪到密切接触者12319人，已解除医学观察7139人，诊断为疑似或确诊205例，尚有5116人正在接受医学观察。,http://wsjkw.shandong.gov.cn/wzxxgk/zwgg/202002/t20200208_2517385.html,,,,2020/6/28 11:00,手动,莫纯谊,是,2020/6/28 13:00,比对,莫纯谊,完成,,,,,,,
143,省级,2020/2/8 0:00,2020/2/8 12:00,中国,山东省,滨州市,,,,,,11,,4,,,,http://wsjkw.shandong.gov.cn/wzxxgk/zwgg/202002/t20200208_2517385.html,2020/6/29 9:00,2020年2月8日0-12时，山东省报告新型冠状病毒感染的肺炎新增确诊病例9例，累计确诊病例416例(含重症病例25例，危重症病例7例，出院42例，无死亡病例);新增疑似病例17例，现有疑似病例102例。截至目前，追踪到密切接触者12319人，已解除医学观察7139人，诊断为疑似或确诊205例，尚有5117人正在接受医学观察。,http://wsjkw.shandong.gov.cn/wzxxgk/zwgg/202002/t20200208_2517386.html,,,,2020/6/29 11:00,手动,莫纯谊,是,2020/6/29 13:00,比对,莫纯谊,完成,,,,,,,
144,省级,2020/2/8 0:00,2020/2/8 12:00,中国,山东省,菏泽市,牡丹区,,,,,5,,,,,,http://wsjkw.shandong.gov.cn/wzxxgk/zwgg/202002/t20200208_2517386.html,2020/6/30 9:00,2020年2月8日0-12时，山东省报告新型冠状病毒感染的肺炎新增确诊病例9例，累计确诊病例416例(含重症病例25例，危重症病例7例，出院42例，无死亡病例);新增疑似病例17例，现有疑似病例102例。截至目前，追踪到密切接触者12319人，已解除医学观察7139人，诊断为疑似或确诊205例，尚有5118人正在接受医学观察。,http://wsjkw.shandong.gov.cn/wzxxgk/zwgg/202002/t20200208_2517387.html,,,,2020/6/30 11:00,手动,莫纯谊,是,2020/6/30 13:00,比对,莫纯谊,完成,,,,,,,
145,省级,2020/2/8 0:00,2020/2/8 12:00,中国,山东省,菏泽市,定陶区,,,,,,,,,,,http://wsjkw.shandong.gov.cn/wzxxgk/zwgg/202002/t20200208_2517387.html,2020/7/1 9:00,2020年2月8日0-12时，山东省报告新型冠状病毒感染的肺炎新增确诊病例9例，累计确诊病例416例(含重症病例25例，危重症病例7例，出院42例，无死亡病例);新增疑似病例17例，现有疑似病例102例。截至目前，追踪到密切接触者12319人，已解除医学观察7139人，诊断为疑似或确诊205例，尚有5119人正在接受医学观察。,http://wsjkw.shandong.gov.cn/wzxxgk/zwgg/202002/t20200208_2517388.html,,,,2020/7/1 11:00,手动,莫纯谊,是,2020/7/1 13:00,比对,莫纯谊,完成,,,,,,,
146,省级,2020/2/8 0:00,2020/2/8 12:00,中国,山东省,菏泽市,曹县,,,,,1,,,,,,http://wsjkw.shandong.gov.cn/wzxxgk/zwgg/202002/t20200208_2517388.html,2020/7/2 9:00,2020年2月8日0-12时，山东省报告新型冠状病毒感染的肺炎新增确诊病例9例，累计确诊病例416例(含重症病例25例，危重症病例7例，出院42例，无死亡病例);新增疑似病例17例，现有疑似病例102例。截至目前，追踪到密切接触者12319人，已解除医学观察7139人，诊断为疑似或确诊205例，尚有5120人正在接受医学观察。,http://wsjkw.shandong.gov.cn/wzxxgk/zwgg/202002/t20200208_2517389.html,,,,2020/7/2 11:00,手动,莫纯谊,是,2020/7/2 13:00,比对,莫纯谊,完成,,,,,,,
147,省级,2020/2/8 0:00,2020/2/8 12:00,中国,山东省,菏泽市,单县,,,,,1,,,,,,http://wsjkw.shandong.gov.cn/wzxxgk/zwgg/202002/t20200208_2517389.html,2020/7/3 9:00,2020年2月8日0-12时，山东省报告新型冠状病毒感染的肺炎新增确诊病例9例，累计确诊病例416例(含重症病例25例，危重症病例7例，出院42例，无死亡病例);新增疑似病例17例，现有疑似病例102例。截至目前，追踪到密切接触者12319人，已解除医学观察7139人，诊断为疑似或确诊205例，尚有5121人正在接受医学观察。,http://wsjkw.shandong.gov.cn/wzxxgk/zwgg/202002/t20200208_2517390.html,,,,2020/7/3 11:00,手动,莫纯谊,是,2020/7/3 13:00,比对,莫纯谊,完成,,,,,,,
148,省级,2020/2/8 0:00,2020/2/8 12:00,中国,山东省,菏泽市,成武县,,,,,1,,,,,,http://wsjkw.shandong.gov.cn/wzxxgk/zwgg/202002/t20200208_2517390.html,2020/7/4 9:00,2020年2月8日0-12时，山东省报告新型冠状病毒感染的肺炎新增确诊病例9例，累计确诊病例416例(含重症病例25例，危重症病例7例，出院42例，无死亡病例);新增疑似病例17例，现有疑似病例102例。截至目前，追踪到密切接触者12319人，已解除医学观察7139人，诊断为疑似或确诊205例，尚有5122人正在接受医学观察。,http://wsjkw.shandong.gov.cn/wzxxgk/zwgg/202002/t20200208_2517391.html,,,,2020/7/4 11:00,手动,莫纯谊,是,2020/7/4 13:00,比对,莫纯谊,完成,,,,,,,
149,省级,2020/2/8 0:00,2020/2/8 12:00,中国,山东省,菏泽市,巨野县,,,,,5,,,,,,http://wsjkw.shandong.gov.cn/wzxxgk/zwgg/202002/t20200208_2517391.html,2020/7/5 9:00,2020年2月8日0-12时，山东省报告新型冠状病毒感染的肺炎新增确诊病例9例，累计确诊病例416例(含重症病例25例，危重症病例7例，出院42例，无死亡病例);新增疑似病例17例，现有疑似病例102例。截至目前，追踪到密切接触者12319人，已解除医学观察7139人，诊断为疑似或确诊205例，尚有5123人正在接受医学观察。,http://wsjkw.shandong.gov.cn/wzxxgk/zwgg/202002/t20200208_2517392.html,,,,2020/7/5 11:00,手动,莫纯谊,是,2020/7/5 13:00,比对,莫纯谊,完成,,,,,,,
150,省级,2020/2/8 0:00,2020/2/8 12:00,中国,山东省,菏泽市,郓城县,,,,,,,,,,,http://wsjkw.shandong.gov.cn/wzxxgk/zwgg/202002/t20200208_2517392.html,2020/7/6 9:00,2020年2月8日0-12时，山东省报告新型冠状病毒感染的肺炎新增确诊病例9例，累计确诊病例416例(含重症病例25例，危重症病例7例，出院42例，无死亡病例);新增疑似病例17例，现有疑似病例102例。截至目前，追踪到密切接触者12319人，已解除医学观察7139人，诊断为疑似或确诊205例，尚有5124人正在接受医学观察。,http://wsjkw.shandong.gov.cn/wzxxgk/zwgg/202002/t20200208_2517393.html,,,,2020/7/6 11:00,手动,莫纯谊,是,2020/7/6 13:00,比对,莫纯谊,完成,,,,,,,
151,省级,2020/2/8 0:00,2020/2/8 12:00,中国,山东省,菏泽市,鄄城县,,,,,,,,,,,http://wsjkw.shandong.gov.cn/wzxxgk/zwgg/202002/t20200208_2517393.html,2020/7/7 9:00,2020年2月8日0-12时，山东省报告新型冠状病毒感染的肺炎新增确诊病例9例，累计确诊病例416例(含重症病例25例，危重症病例7例，出院42例，无死亡病例);新增疑似病例17例，现有疑似病例102例。截至目前，追踪到密切接触者12319人，已解除医学观察7139人，诊断为疑似或确诊205例，尚有5125人正在接受医学观察。,http://wsjkw.shandong.gov.cn/wzxxgk/zwgg/202002/t20200208_2517394.html,,,,2020/7/7 11:00,手动,莫纯谊,是,2020/7/7 13:00,比对,莫纯谊,完成,,,,,,,
152,省级,2020/2/8 0:00,2020/2/8 12:00,中国,山东省,菏泽市,东明县,,,,,1,,,,,,http://wsjkw.shandong.gov.cn/wzxxgk/zwgg/202002/t20200208_2517394.html,2020/7/8 9:00,2020年2月8日0-12时，山东省报告新型冠状病毒感染的肺炎新增确诊病例9例，累计确诊病例416例(含重症病例25例，危重症病例7例，出院42例，无死亡病例);新增疑似病例17例，现有疑似病例102例。截至目前，追踪到密切接触者12319人，已解除医学观察7139人，诊断为疑似或确诊205例，尚有5126人正在接受医学观察。,http://wsjkw.shandong.gov.cn/wzxxgk/zwgg/202002/t20200208_2517395.html,,,,2020/7/8 11:00,手动,莫纯谊,是,2020/7/8 13:00,比对,莫纯谊,完成,,,,,,,
153,省级,2020/2/8 0:00,2020/2/8 12:00,中国,山东省,菏泽市,,,,1,,14,,3,,,,http://wsjkw.shandong.gov.cn/wzxxgk/zwgg/202002/t20200208_2517395.html,2020/7/9 9:00,2020年2月8日0-12时，山东省报告新型冠状病毒感染的肺炎新增确诊病例9例，累计确诊病例416例(含重症病例25例，危重症病例7例，出院42例，无死亡病例);新增疑似病例17例，现有疑似病例102例。截至目前，追踪到密切接触者12319人，已解除医学观察7139人，诊断为疑似或确诊205例，尚有5127人正在接受医学观察。,http://wsjkw.shandong.gov.cn/wzxxgk/zwgg/202002/t20200208_2517396.html,,,,2020/7/9 11:00,手动,莫纯谊,是,2020/7/9 13:00,比对,莫纯谊,完成,,,,,,,
154,省级,2020/2/8 0:00,2020/2/8 12:00,中国,山东省,,,9,17,4,,416,102,42,,,,http://wsjkw.shandong.gov.cn/wzxxgk/zwgg/202002/t20200208_2517396.html,2020/7/10 9:00,2020年2月8日0-12时，山东省报告新型冠状病毒感染的肺炎新增确诊病例9例，累计确诊病例416例(含重症病例25例，危重症病例7例，出院42例，无死亡病例);新增疑似病例17例，现有疑似病例102例。截至目前，追踪到密切接触者12319人，已解除医学观察7139人，诊断为疑似或确诊205例，尚有5128人正在接受医学观察。,http://wsjkw.shandong.gov.cn/wzxxgk/zwgg/202002/t20200208_2517397.html,,,,2020/7/10 11:00,手动,莫纯谊,是,2020/7/10 13:00,比对,莫纯谊,完成,,,,,,,
